id,source_file,effect_sha256,scope,category,reason,related_target,effect_text
source/catalog/hirelings/dramatis-personae/core.yaml/@/profiles/1/unresolved_references/0/unclassified,catalog/hirelings/dramatis-personae/core.yaml,ea651d18fb4649a85703314e9d0add6b75379f627a22a23b66a2b95605c82576,UNCLASSIFIED,source_review,The source summary/name does not establish whether there is an individual melee consequence. Obtain its full printed definition; do not exclude it or invent an effect.,,"{""kind"": ""skill"", ""note"": ""Only a band-scoped rule exists in the supplied KB; no global canonical skill ID."", ""note_i18n"": {""es"": ""Solo existe una regla con alcance de banda en el KB suministrado; no hay un identificador de habilidad canónico global.""}, ""source_name"": ""Righteous Fury""}"
source/catalog/hirelings/dramatis-personae/grade-1a.yaml/hireling.dramatis.ulli-and-marquand.rule.a-fistful-of-crowns/unclassified,catalog/hirelings/dramatis-personae/grade-1a.yaml,d979d743a652e3141d69f48d9e0eb4c96168106fadd6a2afe725427eae7380b4,UNCLASSIFIED,source_review,The source summary/name does not establish whether there is an individual melee consequence. Obtain its full printed definition; do not exclude it or invent an effect.,,Uses source payment/behaviour rule.
source/catalog/hirelings/dramatis-personae/grade-1b.yaml/@/profiles/8/unresolved_references/2/unclassified,catalog/hirelings/dramatis-personae/grade-1b.yaml,c73bbab440d00dc0c9d6ad7bfbf9858552ca09c86623832bb7044730ee39e0ae,UNCLASSIFIED,source_review,The source summary/name does not establish whether there is an individual melee consequence. Obtain its full printed definition; do not exclude it or invent an effect.,,"{""kind"": ""skill"", ""source_name"": ""Elixir of Life""}"
source/catalog/hirelings/dramatis-personae/grade-1b.yaml/@/profiles/8/unresolved_references/3/unclassified,catalog/hirelings/dramatis-personae/grade-1b.yaml,bd82b2d3cf9e686edc28e0d58c5e458082f3eb616839f484e9e92ecbfd48e024,UNCLASSIFIED,source_review,The source summary/name does not establish whether there is an individual melee consequence. Obtain its full printed definition; do not exclude it or invent an effect.,,"{""kind"": ""skill"", ""source_name"": ""Weapon Master""}"
source/catalog/hirelings/dramatis-personae/grade-1b.yaml/hireling.dramatis.abdul-alhazred-the-mad-sorcerer.rule.djinn-master/unclassified,catalog/hirelings/dramatis-personae/grade-1b.yaml,8557b1fa483269da4398d3fea00fe77022ff978ac4297f5706dd6e195437d841,UNCLASSIFIED,source_review,The source summary/name does not establish whether there is an individual melee consequence. Obtain its full printed definition; do not exclude it or invent an effect.,,Modifies Lamp of the Djinn rolls according to source.
source/catalog/hirelings/dramatis-personae/grade-1b.yaml/hireling.dramatis.crow-master-the.rule.crow-master/unclassified,catalog/hirelings/dramatis-personae/grade-1b.yaml,320bba020657a6af720bb5ac29db6608206b5692a1ea8dca325839625cf0e530,UNCLASSIFIED,source_review,The source summary/name does not establish whether there is an individual melee consequence. Obtain its full printed definition; do not exclude it or invent an effect.,,Uses the source necromantic/crow special rules.
source/catalog/hirelings/dramatis-personae/grade-1b.yaml/hireling.dramatis.drenok-johansen-wielder-of-the-great-axe.rule.sabertooth-tiger-hide/unclassified,catalog/hirelings/dramatis-personae/grade-1b.yaml,a348e232422bcfbf309dc6112a10b57623000a00fe31bac912a3eb93e9d75b74,UNCLASSIFIED,source_review,The source summary/name does not establish whether there is an individual melee consequence. Obtain its full printed definition; do not exclude it or invent an effect.,,Uses unique hide rules.
source/catalog/hirelings/dramatis-personae/grade-1b.yaml/hireling.dramatis.khar-mel-the-djinn.rule.djinn-s-curse/unclassified,catalog/hirelings/dramatis-personae/grade-1b.yaml,bd5f61cc6947eeb87cd003924b538ab27b2f568b4c5b484996ef3589ece4b5ff,UNCLASSIFIED,source_review,The source summary/name does not establish whether there is an individual melee consequence. Obtain its full printed definition; do not exclude it or invent an effect.,,Applies source penalties nearby.
source/catalog/hirelings/dramatis-personae/grade-1b.yaml/hireling.dramatis.khar-mel-the-djinn.rule.whirlwind/unclassified,catalog/hirelings/dramatis-personae/grade-1b.yaml,67a3bb672cb577fa26e13549b21eb2bc04eebae00a7253ed6d38d45a75f74bc4,UNCLASSIFIED,source_review,The source summary/name does not establish whether there is an individual melee consequence. Obtain its full printed definition; do not exclude it or invent an effect.,,Uses source movement/power mode.
source/catalog/hirelings/dramatis-personae/grade-1b.yaml/hireling.dramatis.penthesilea-mark-of-the-serpent.rule.amazon/unclassified,catalog/hirelings/dramatis-personae/grade-1b.yaml,e63c188dd0debe9209d10cbdc683435d078af822eaeade0254f0b4d68423947d,UNCLASSIFIED,source_review,The source summary/name does not establish whether there is an individual melee consequence. Obtain its full printed definition; do not exclude it or invent an effect.,,Uses source Amazon rules.
source/catalog/hirelings/dramatis-personae/grade-1c.yaml/@/profiles/2/unresolved_references/1/unclassified,catalog/hirelings/dramatis-personae/grade-1c.yaml,1048754a0cb2d62824126fd1e9414bddb302f808f266549cf0b27c95f1e2ee6e,UNCLASSIFIED,source_review,The source summary/name does not establish whether there is an individual melee consequence. Obtain its full printed definition; do not exclude it or invent an effect.,,"{""kind"": ""skill"", ""source_name"": ""Grizzled Veteran""}"
source/catalog/hirelings/dramatis-personae/grade-1c.yaml/@/profiles/2/unresolved_references/2/unclassified,catalog/hirelings/dramatis-personae/grade-1c.yaml,903c0e632abb90fe6dd1f80e1e1491649bce3c95dfdf49caed9b9c594a5a312b,UNCLASSIFIED,source_review,The source summary/name does not establish whether there is an individual melee consequence. Obtain its full printed definition; do not exclude it or invent an effect.,,"{""kind"": ""skill"", ""source_name"": ""Death without a face""}"
source/catalog/hirelings/dramatis-personae/grade-1c.yaml/hireling.dramatis.grand-master-ippan-shu.rule.fire-breath/unclassified,catalog/hirelings/dramatis-personae/grade-1c.yaml,6d0e5376cd9314d44501e84846b7e363b17666262306ef1d32e322f962bd5f72,UNCLASSIFIED,source_review,The source summary/name does not establish whether there is an individual melee consequence. Obtain its full printed definition; do not exclude it or invent an effect.,,Uses source fire-breath attack.
source/catalog/hirelings/dramatis-personae/grade-1c.yaml/hireling.dramatis.innominatus-the-tilean-gladiator.rule.who-is-the-hero/unclassified,catalog/hirelings/dramatis-personae/grade-1c.yaml,258c3ce4e3478cf14555cad4532319f53617212775657109596d40bc87be0767,UNCLASSIFIED,source_review,The source summary/name does not establish whether there is an individual melee consequence. Obtain its full printed definition; do not exclude it or invent an effect.,,Uses source identity rule.
source/catalog/hirelings/dramatis-personae/grade-1c.yaml/hireling.dramatis.luthor-the-looter.rule.i-ain-t-got-time/unclassified,catalog/hirelings/dramatis-personae/grade-1c.yaml,dda27444d7b9a87a3d77310459c65015d50c64a947a90ee492c62d1f4396f8fc,UNCLASSIFIED,source_review,The source summary/name does not establish whether there is an individual melee consequence. Obtain its full printed definition; do not exclude it or invent an effect.,,Uses source rule.
source/catalog/hirelings/dramatis-personae/grade-1c.yaml/hireling.dramatis.luthor-wolfenbaum.rule.evil-eye/unclassified,catalog/hirelings/dramatis-personae/grade-1c.yaml,3eacf77844037237376f2a1ed5407b7cf076e2c27d27ca58939a8c1d4a00502f,UNCLASSIFIED,source_review,The source summary/name does not establish whether there is an individual melee consequence. Obtain its full printed definition; do not exclude it or invent an effect.,,Uses source Evil Eye rule.
source/catalog/hirelings/dramatis-personae/grade-2a.yaml/@/profiles/6/unresolved_references/1/unclassified,catalog/hirelings/dramatis-personae/grade-2a.yaml,9e8666434d7b4647ef3d2ad6652461bbe450b6c298a38d0815f5131aba7e3580,UNCLASSIFIED,source_review,The source summary/name does not establish whether there is an individual melee consequence. Obtain its full printed definition; do not exclude it or invent an effect.,,"{""kind"": ""skill"", ""source_name"": ""Swashbuckler (Pirate Warband skill)""}"
source/catalog/hirelings/dramatis-personae/grade-2b.yaml/@/profiles/1/equipment/fixed_items/2/notes/unclassified,catalog/hirelings/dramatis-personae/grade-2b.yaml,b91f047c3930b7c19b439e48e7a940512b46c3dff41fdb3abc0beb6fc512de3b,UNCLASSIFIED,source_review,The source summary/name does not establish whether there is an individual melee consequence. Obtain its full printed definition; do not exclude it or invent an effect.,,"REL-specific item, ""enough stickfire and vermin pots to last for the entire battle""; no KB or 2B catalog equivalent — deliberate dangling ref, define at promotion."
source/catalog/hirelings/dramatis-personae/grade-2b.yaml/@/profiles/1/equipment/fixed_items/3/notes/unclassified,catalog/hirelings/dramatis-personae/grade-2b.yaml,91c7b59819e87aac671d697041ed0bb5774ddac4f52f0cc3b308e39217350679,UNCLASSIFIED,source_review,The source summary/name does not establish whether there is an individual melee consequence. Obtain its full printed definition; do not exclude it or invent an effect.,,"REL-specific item (see stickfire note); deliberate dangling ref, define at promotion."
source/catalog/hirelings/hired-swords/grade-1a.yaml/hireling.hired-sword.beast-hunter.rule.predator/unclassified,catalog/hirelings/hired-swords/grade-1a.yaml,4476573b7bb70b3341de9c689deba6d90ee21d3717cf4f2843cff9bbd8b050fb,UNCLASSIFIED,source_review,The source summary/name does not establish whether there is an individual melee consequence. Obtain its full printed definition; do not exclude it or invent an effect.,,Has the source-defined hunting/predator ability.
source/catalog/hirelings/hired-swords/grade-1a.yaml/hireling.hired-sword.beast-hunter.rule.skull-rack/unclassified,catalog/hirelings/hired-swords/grade-1a.yaml,3dbe652599d1a1e663b94162016966811edaecba8df34418d41caa77d323c2da,UNCLASSIFIED,source_review,The source summary/name does not establish whether there is an individual melee consequence. Obtain its full printed definition; do not exclude it or invent an effect.,,Uses trophies from slain beasts according to the source rule.
source/catalog/hirelings/hired-swords/grade-1a.yaml/hireling.hired-sword.imperial-assassin.rule.backstabber/unclassified,catalog/hirelings/hired-swords/grade-1a.yaml,b938d2582714ba8ed47cda24e9dceca04c0b7f777cee27ab5a1baf4954cc32d8,UNCLASSIFIED,source_review,The source summary/name does not establish whether there is an individual melee consequence. Obtain its full printed definition; do not exclude it or invent an effect.,,Uses the source backstab rule.
source/catalog/hirelings/hired-swords/grade-1a.yaml/hireling.hired-sword.roadwarden.rule.lethal-marksman/unclassified,catalog/hirelings/hired-swords/grade-1a.yaml,6e806faf8bcfe6af5ba1987985c033ff5cee1dec088e80bf7ddf256637a7148c,UNCLASSIFIED,source_review,The source summary/name does not establish whether there is an individual melee consequence. Obtain its full printed definition; do not exclude it or invent an effect.,,Uses the source lethal marksman rule.
source/catalog/hirelings/hired-swords/grade-1a.yaml/hireling.hired-sword.roadwarden.rule.stern/unclassified,catalog/hirelings/hired-swords/grade-1a.yaml,ab231e7c9fd08014d5d3908cc904917b6c42906ed7400e1d6314771fdbdd62fd,UNCLASSIFIED,source_review,The source summary/name does not establish whether there is an individual melee consequence. Obtain its full printed definition; do not exclude it or invent an effect.,,Uses the source stern/leadership rule.
source/catalog/hirelings/hired-swords/grade-1a.yaml/hireling.hired-sword.tilean-marksman.rule.steady-hands/unclassified,catalog/hirelings/hired-swords/grade-1a.yaml,a98eae90706bd87dfd3e1a0289a2a0ff374a3a8557b0dae176a28f3b98dd46d7,UNCLASSIFIED,source_review,The source summary/name does not establish whether there is an individual melee consequence. Obtain its full printed definition; do not exclude it or invent an effect.,,Uses the source steady-hands rule.
source/catalog/hirelings/hired-swords/grade-1b.yaml/@/profiles/21/unresolved_references/0/unclassified,catalog/hirelings/hired-swords/grade-1b.yaml,6acdac5729054c367e8e2c292a414808e506f93acf7309699bff0bfbce8a0081,UNCLASSIFIED,source_review,The source summary/name does not establish whether there is an individual melee consequence. Obtain its full printed definition; do not exclude it or invent an effect.,,"{""kind"": ""rune_system"", ""source_name"": ""Rune use""}"
source/catalog/hirelings/hired-swords/grade-1b.yaml/@/profiles/28/unresolved_references/1/unclassified,catalog/hirelings/hired-swords/grade-1b.yaml,4fc4ee546c0b4c828c79f60a35720629b340733e82ee28e848422b4fd91196ca,UNCLASSIFIED,source_review,Garlic has a Vampire charge-test clause but its item record currently excludes it; reconcile that contact-gating boundary before admitting an operator.,,"{""kind"": ""equipment_mapping"", ""source_name"": ""Garlic""}"
source/catalog/hirelings/hired-swords/grade-1b.yaml/hireling.hired-sword.black-orc-overseer.rule.overseer/unclassified,catalog/hirelings/hired-swords/grade-1b.yaml,2a7af61ded17b37e73e6a444989c726bb75cc48519c02e8bca0ddcedfa3b1483,UNCLASSIFIED,source_review,The source summary/name does not establish whether there is an individual melee consequence. Obtain its full printed definition; do not exclude it or invent an effect.,,Uses the source Black Orc Overseer special rules.
source/catalog/hirelings/hired-swords/grade-1b.yaml/hireling.hired-sword.clan-skryre-rat-ogre.rule.bio-machinery/unclassified,catalog/hirelings/hired-swords/grade-1b.yaml,2f5547609aae39d12b532a12d2a15b269077edbd571c2f7a542aa15bc83a2c56,UNCLASSIFIED,source_review,The source summary/name does not establish whether there is an individual melee consequence. Obtain its full printed definition; do not exclude it or invent an effect.,,Uses the source bio-machinery rule.
source/catalog/hirelings/hired-swords/grade-1b.yaml/hireling.hired-sword.human-scout.rule.expert-hunter/unclassified,catalog/hirelings/hired-swords/grade-1b.yaml,bfa0ec3970d51fae7bd631aaa8b8a6af5b550c3fdb077f5890c20e102a975220,UNCLASSIFIED,source_review,The source summary/name does not establish whether there is an individual melee consequence. Obtain its full printed definition; do not exclude it or invent an effect.,,Uses the source hunting rule.
source/catalog/hirelings/hired-swords/grade-1b.yaml/hireling.hired-sword.human-scout.rule.not-a-fighter/unclassified,catalog/hirelings/hired-swords/grade-1b.yaml,51aa0e1d38f52398cef6f27857e8309d49e4f796d4acb59bbad94d296862ef67,UNCLASSIFIED,source_review,The source summary/name does not establish whether there is an individual melee consequence. Obtain its full printed definition; do not exclude it or invent an effect.,,Uses a special injury/retention rule.
source/catalog/hirelings/hired-swords/grade-1b.yaml/hireling.hired-sword.kislev-ranger.rule.animal-call/unclassified,catalog/hirelings/hired-swords/grade-1b.yaml,c8ad721b21aad7745dbe755d7f02aa7e0d5ab94f0f4c603f4ee87d627d394658,UNCLASSIFIED,source_review,The source summary/name does not establish whether there is an individual melee consequence. Obtain its full printed definition; do not exclude it or invent an effect.,,Special skill option.
source/catalog/hirelings/hired-swords/grade-1b.yaml/hireling.hired-sword.kislev-ranger.rule.herb-lore/unclassified,catalog/hirelings/hired-swords/grade-1b.yaml,c8ad721b21aad7745dbe755d7f02aa7e0d5ab94f0f4c603f4ee87d627d394658,UNCLASSIFIED,source_review,The source summary/name does not establish whether there is an individual melee consequence. Obtain its full printed definition; do not exclude it or invent an effect.,,Special skill option.
source/catalog/hirelings/hired-swords/grade-1b.yaml/hireling.hired-sword.kislev-ranger.rule.hunter-s-cloak/unclassified,catalog/hirelings/hired-swords/grade-1b.yaml,74aff18f6b9475fd81108efc98d648d5d1eff9577c4563c8f666376c98ead301,UNCLASSIFIED,source_review,The source summary/name does not establish whether there is an individual melee consequence. Obtain its full printed definition; do not exclude it or invent an effect.,,Uses a unique cloak rule.
source/catalog/hirelings/hired-swords/grade-1b.yaml/hireling.hired-sword.mule-skinner.rule.animal-handler/unclassified,catalog/hirelings/hired-swords/grade-1b.yaml,2769e58297821d1506471174a710ed8179332356dca805a9cae9253fd3312136,UNCLASSIFIED,source_review,The source summary/name does not establish whether there is an individual melee consequence. Obtain its full printed definition; do not exclude it or invent an effect.,,Uses the source animal-handler rule.
source/catalog/hirelings/hired-swords/grade-1b.yaml/hireling.hired-sword.runesmith-journeyman.rule.runesmith/unclassified,catalog/hirelings/hired-swords/grade-1b.yaml,fd10a62ffe59e7d90f33534b7ed7584d2cedef04e64d09c6f7cdf8ac568c39b4,UNCLASSIFIED,source_review,The source summary/name does not establish whether there is an individual melee consequence. Obtain its full printed definition; do not exclude it or invent an effect.,,May inscribe runes according to source.
source/catalog/hirelings/hired-swords/grade-1b.yaml/hireling.hired-sword.shadow-warrior.rule.bitter-enemies/unclassified,catalog/hirelings/hired-swords/grade-1b.yaml,d28a54a96a62a4d4d22c437a6a8b43bdd204ca301ae1e54faa32ad1b2f7f4a54,UNCLASSIFIED,source_review,The source summary/name does not establish whether there is an individual melee consequence. Obtain its full printed definition; do not exclude it or invent an effect.,,Uses the source rivalry/restriction rule.
source/catalog/hirelings/hired-swords/grade-1b.yaml/hireling.hired-sword.snake-charmer.rule.snake-hunter/unclassified,catalog/hirelings/hired-swords/grade-1b.yaml,67a71f163049d8e5148f463a421dbfc624d1505953e91a56a5b0525bcf082891,UNCLASSIFIED,source_review,The source summary/name does not establish whether there is an individual melee consequence. Obtain its full printed definition; do not exclude it or invent an effect.,,Uses the source snake-hunting rule.
source/catalog/hirelings/hired-swords/grade-1b.yaml/hireling.hired-sword.tomb-robber.rule.excellent-reflexes/unclassified,catalog/hirelings/hired-swords/grade-1b.yaml,f116b60ceb3db94aa24b4f1a648e0bc8846a35603ecb782e36a43ea6e5469c1a,UNCLASSIFIED,source_review,The source summary/name does not establish whether there is an individual melee consequence. Obtain its full printed definition; do not exclude it or invent an effect.,,Uses source reflex rule.
source/catalog/hirelings/hired-swords/grade-1b.yaml/hireling.hired-sword.witch.rule.potions/unclassified,catalog/hirelings/hired-swords/grade-1b.yaml,8e3ce8f17ff4e410b618afb15541e9eedb2442ed3c8a0367cda99c94eb9a25e0,UNCLASSIFIED,source_review,The source summary/name does not establish whether there is an individual melee consequence. Obtain its full printed definition; do not exclude it or invent an effect.,,May give one Hero a source-defined random potion before battle.
source/catalog/hirelings/hired-swords/grade-1c.yaml/@/profiles/6/unresolved_references/1/unclassified,catalog/hirelings/hired-swords/grade-1c.yaml,76a9de2d8838257459f16bf54189a06fe2652a432a67ff6aee6887539b3a92d6,UNCLASSIFIED,source_review,The source summary/name does not establish whether there is an individual melee consequence. Obtain its full printed definition; do not exclude it or invent an effect.,,"{""kind"": ""skill"", ""source_name"": ""Lightning Speed""}"
source/catalog/hirelings/hired-swords/grade-1c.yaml/@/profiles/6/unresolved_references/2/unclassified,catalog/hirelings/hired-swords/grade-1c.yaml,fd5247e5c0f086195f24b9fd4084faa7f54cd3aecfb08eeef96c5fa1954eed71,UNCLASSIFIED,source_review,The source summary/name does not establish whether there is an individual melee consequence. Obtain its full printed definition; do not exclude it or invent an effect.,,"{""kind"": ""skill"", ""source_name"": ""Leap of Faith""}"
source/catalog/hirelings/hired-swords/grade-1c.yaml/hireling.hired-sword.cathayan-merchant.rule.guardian/unclassified,catalog/hirelings/hired-swords/grade-1c.yaml,d0d777d6d6c0bedb1294d22135b7af8613a4a3217503d88146ebc1ed18956003,UNCLASSIFIED,source_review,The source summary/name does not establish whether there is an individual melee consequence. Obtain its full printed definition; do not exclude it or invent an effect.,,Uses source guardian rule.
source/catalog/hirelings/hired-swords/grade-1c.yaml/hireling.hired-sword.cathayan-merchant.rule.stone-cutter/unclassified,catalog/hirelings/hired-swords/grade-1c.yaml,dee99853cacebea8abc1b248c4cc11f2219c257e36c10023ef8e65efa9cbf45a,UNCLASSIFIED,source_review,The source summary/name does not establish whether there is an individual melee consequence. Obtain its full printed definition; do not exclude it or invent an effect.,,Uses source stone-cutting rule.
source/catalog/hirelings/hired-swords/grade-1c.yaml/hireling.hired-sword.chaos-centaur.rule.drunken/unclassified,catalog/hirelings/hired-swords/grade-1c.yaml,8676ce08467853bb6ac4d3452743f5a0f2586bca2c1390985bd9de70a89b466c,UNCLASSIFIED,source_review,The source summary/name does not establish whether there is an individual melee consequence. Obtain its full printed definition; do not exclude it or invent an effect.,,Uses source drunken rule.
source/catalog/hirelings/hired-swords/grade-1c.yaml/hireling.hired-sword.hobgoblin-scout.rule.traitor/unclassified,catalog/hirelings/hired-swords/grade-1c.yaml,35d50f2a314812b633e8551985e485336a0e17600a41045ccd10c0028ff5a302,UNCLASSIFIED,source_review,The source summary/name does not establish whether there is an individual melee consequence. Obtain its full printed definition; do not exclude it or invent an effect.,,Uses source traitor rule.
source/catalog/hirelings/hired-swords/grade-1c.yaml/hireling.hired-sword.pyromaniac.rule.crazed-firestarter/unclassified,catalog/hirelings/hired-swords/grade-1c.yaml,0d5b172e8eacecd820b6ae2fd699ecfdd5f57893cf4614c235eb60e4b54d6703,UNCLASSIFIED,source_review,The source summary/name does not establish whether there is an individual melee consequence. Obtain its full printed definition; do not exclude it or invent an effect.,,Uses source pyromania rule.
source/catalog/hirelings/hired-swords/grade-1c.yaml/hireling.hired-sword.pyromaniac.rule.display-artist/unclassified,catalog/hirelings/hired-swords/grade-1c.yaml,c8ad721b21aad7745dbe755d7f02aa7e0d5ab94f0f4c603f4ee87d627d394658,UNCLASSIFIED,source_review,The source summary/name does not establish whether there is an individual melee consequence. Obtain its full printed definition; do not exclude it or invent an effect.,,Special skill option.
source/catalog/hirelings/hired-swords/grade-1c.yaml/hireling.hired-sword.pyromaniac.rule.rocket-science/unclassified,catalog/hirelings/hired-swords/grade-1c.yaml,c8ad721b21aad7745dbe755d7f02aa7e0d5ab94f0f4c603f4ee87d627d394658,UNCLASSIFIED,source_review,The source summary/name does not establish whether there is an individual melee consequence. Obtain its full printed definition; do not exclude it or invent an effect.,,Special skill option.
source/catalog/hirelings/hired-swords/grade-1c.yaml/hireling.hired-sword.swordsmith.rule.farrier/unclassified,catalog/hirelings/hired-swords/grade-1c.yaml,c8ad721b21aad7745dbe755d7f02aa7e0d5ab94f0f4c603f4ee87d627d394658,UNCLASSIFIED,source_review,The source summary/name does not establish whether there is an individual melee consequence. Obtain its full printed definition; do not exclude it or invent an effect.,,Special skill option.
source/catalog/hirelings/hired-swords/grade-1c.yaml/hireling.hired-sword.swordsmith.rule.honing/unclassified,catalog/hirelings/hired-swords/grade-1c.yaml,c8ad721b21aad7745dbe755d7f02aa7e0d5ab94f0f4c603f4ee87d627d394658,UNCLASSIFIED,source_review,The source summary/name does not establish whether there is an individual melee consequence. Obtain its full printed definition; do not exclude it or invent an effect.,,Special skill option.
source/catalog/hirelings/hired-swords/grade-1c.yaml/hireling.hired-sword.swordsmith.rule.master-craftsman/unclassified,catalog/hirelings/hired-swords/grade-1c.yaml,ddbe15228f98da944e1b737187803f76d3846153064c5a012678c695a2ab0cf4,UNCLASSIFIED,source_review,The source summary/name does not establish whether there is an individual melee consequence. Obtain its full printed definition; do not exclude it or invent an effect.,,Uses source crafting rule.
source/catalog/hirelings/hired-swords/grade-2a.yaml/hireling.hired-sword.chaos-fury.rule.malicious/unclassified,catalog/hirelings/hired-swords/grade-2a.yaml,c1edb26d25f58029cc6d04096a781c4e68bb7ff15fa1f1b5224cdc4b0903f12b,UNCLASSIFIED,source_review,The source summary/name does not establish whether there is an individual melee consequence. Obtain its full printed definition; do not exclude it or invent an effect.,,Uses source malicious behaviour rule.
source/catalog/hirelings/hired-swords/grade-2a.yaml/hireling.hired-sword.goblin-lantern-bearer.rule.smart/unclassified,catalog/hirelings/hired-swords/grade-2a.yaml,9aea2ccfaf8041d1c2520f8c3b306ec3ab26753e555682e5777023a166821809,UNCLASSIFIED,source_review,The source summary/name does not establish whether there is an individual melee consequence. Obtain its full printed definition; do not exclude it or invent an effect.,,Uses source Smart rule.
source/catalog/hirelings/hired-swords/grade-2a.yaml/hireling.hired-sword.imperial-tactician.rule.expert-tactician/unclassified,catalog/hirelings/hired-swords/grade-2a.yaml,a2803af63be00354e5e3a8b0f3c1109102bc3bc083160b7d7c850f168cf982b1,UNCLASSIFIED,source_review,The source summary/name does not establish whether there is an individual melee consequence. Obtain its full printed definition; do not exclude it or invent an effect.,,Uses source tactical rule.
source/catalog/hirelings/hired-swords/grade-2a.yaml/hireling.hired-sword.imperial-tactician.rule.read-the-battle/unclassified,catalog/hirelings/hired-swords/grade-2a.yaml,a2803af63be00354e5e3a8b0f3c1109102bc3bc083160b7d7c850f168cf982b1,UNCLASSIFIED,source_review,The source summary/name does not establish whether there is an individual melee consequence. Obtain its full printed definition; do not exclude it or invent an effect.,,Uses source tactical rule.
source/catalog/hirelings/hired-swords/grade-2a.yaml/hireling.hired-sword.knight-of-the-white-wolf.rule.among-wolves/unclassified,catalog/hirelings/hired-swords/grade-2a.yaml,e5c89c7c20a8a22acc70d550b53881d1f2c1ff71b33e3c92b5ab7949d75b8a53,UNCLASSIFIED,source_review,The source summary/name does not establish whether there is an individual melee consequence. Obtain its full printed definition; do not exclude it or invent an effect.,,Uses source wolf-related rule.
source/catalog/hirelings/hired-swords/grade-2a.yaml/hireling.hired-sword.knight-of-the-white-wolf.rule.pride/unclassified,catalog/hirelings/hired-swords/grade-2a.yaml,0967930c4bda5d338cb5f15ada457df4bd977ad949af6d3612dd76cefc9d2e0d,UNCLASSIFIED,source_review,The source summary/name does not establish whether there is an individual melee consequence. Obtain its full printed definition; do not exclude it or invent an effect.,,Uses source pride rule.
source/catalog/hirelings/hired-swords/grade-2a.yaml/hireling.hired-sword.ninja-gnoblar.rule.expert-rooftop-jumper/unclassified,catalog/hirelings/hired-swords/grade-2a.yaml,c8ad721b21aad7745dbe755d7f02aa7e0d5ab94f0f4c603f4ee87d627d394658,UNCLASSIFIED,source_review,The source summary/name does not establish whether there is an individual melee consequence. Obtain its full printed definition; do not exclude it or invent an effect.,,Special skill option.
source/catalog/hirelings/hired-swords/grade-2a.yaml/hireling.hired-sword.swashbuckler.rule.acrobatic/unclassified,catalog/hirelings/hired-swords/grade-2a.yaml,5c57bd76b9edb6e36e37d572cd39f0fe744fa1667451d96ac09399adbda521a0,UNCLASSIFIED,source_review,The source summary/name does not establish whether there is an individual melee consequence. Obtain its full printed definition; do not exclude it or invent an effect.,,Uses source acrobatic rule.
source/catalog/hirelings/hired-swords/grade-2a.yaml/hireling.hired-sword.swashbuckler.rule.charismatic/unclassified,catalog/hirelings/hired-swords/grade-2a.yaml,b4773e55bf0793362cc619fd8d2e075c3faa55a8bdd786ad7601d62101185e40,UNCLASSIFIED,source_review,The source summary/name does not establish whether there is an individual melee consequence. Obtain its full printed definition; do not exclude it or invent an effect.,,Uses source charismatic rule.
source/catalog/hirelings/hired-swords/grade-2a.yaml/hireling.hired-sword.ungor-trapper.rule.just-a-twit/unclassified,catalog/hirelings/hired-swords/grade-2a.yaml,993b8feabb25ddb455910c41d167b4f2e131b27c6a03712ec3c8292a89a8023d,UNCLASSIFIED,source_review,The source summary/name does not establish whether there is an individual melee consequence. Obtain its full printed definition; do not exclude it or invent an effect.,,Uses source limitation rule.
source/catalog/rules/special-rules.yaml/shared-rule.free-the-slaves/unclassified,catalog/rules/special-rules.yaml,c6c18248fddc224235c07378e84a517ff0f718904385de0b305b174c14260929,UNCLASSIFIED,source_review,The wording hates slavers may be narrative or formal Hatred. Confirm that interpretation; refusal to sell captives is campaign-only.,,Pit Fighters hate slavers and will never sell captured opponents to slavers.
