id,source_file,source_state,proposed_scope,admitted_clause,excluded_clause,status,existing_target,contract_evidence,consumer_evidence,validation_evidence,missing_part,related_ids,existing_follow_up,next_action,closure_criterion
source/catalog/hirelings/dramatis-personae/core.yaml/@/profiles/1/unresolved_references/0/unclassified,catalog/hirelings/dramatis-personae/core.yaml,current (hash verified),YES,the hireling references the source skill 'Righteous Fury'.,,connection_gap,none (no global canonical skill id on the hireling),"catalog/hirelings/dramatis-personae/core.yaml records an unresolved_reference {kind: skill, source_name: 'Righteous Fury'} with no runtime/binding. Note: Only a band-scoped rule exists in the supplied KB; no global canonical skill ID. A KB counterpart exists: skill.righteous-fury; also catalog/skills/warband.yaml#skill.righteous-fury (canonical skill) + bands/mordheim/sisters-of-sigmar/special-rules.yaml#Righteous Fury + catalog/mechanics/close-combat.yaml:5089.","a canonical skill id exists and is consumed, but the hireling reference is not linked to it",code inspection only,a link from the hireling reference to skill.righteous-fury (or a decision that it stays band-scoped),Righteous Fury,T13-F036,Link the hireling reference to skill.righteous-fury (or record it as band-scoped).,the 'Righteous Fury' reference is linked to a canonical identity or explicitly recorded as band-scoped.
source/catalog/hirelings/dramatis-personae/grade-1a.yaml/hireling.dramatis.ulli-and-marquand.rule.a-fistful-of-crowns/unclassified,catalog/hirelings/dramatis-personae/grade-1a.yaml,current (hash verified),NO,,A Fistful of Crowns: opposing players secretly bribe the pair to change sides mid-game; with the Where's the Money? payment fallback and the Inseparable pair-cohesion rule.,out_of_scope,none,"printed definition transcribed from the maintained external source (mordheimer.net Dramatis Personae / Ulli & Marquand, https://mordheimer.net/docs/campaigns/dramatis-personae/grade-1a); the KB rule carried only a summary.",the transcribed clauses belong to subsystems the current 1v1 scope excludes; no executable duel operator is admitted.,"external source read (mordheimer.net, HTTP 200) + code inspection",,hireling.dramatis.ulli-and-marquand,T13-F036,No repair required; keep the clause recorded as out of scope unless the governing 1v1 boundary changes.,the clause stays out of scope or a melee clause is supplied with a consumed operator.
source/catalog/hirelings/dramatis-personae/grade-1b.yaml/@/profiles/8/unresolved_references/2/unclassified,catalog/hirelings/dramatis-personae/grade-1b.yaml,current (hash verified),YES,the hireling references the source skill 'Elixir of Life'.,,metadata_gap,none (no global canonical skill id on the hireling),"catalog/hirelings/dramatis-personae/grade-1b.yaml records an unresolved_reference {kind: skill, source_name: 'Elixir of Life'} with no runtime/binding. A KB counterpart exists: bands/mordheim/amazons-lustria/special-rules.yaml#Elixir of Life (+ trollheim/lustria-amazons); also catalog/campaign/magic.yaml 'Elixir of Life'.",only a band-scoped rule exists; there is no global canonical skill id to bind the hireling reference to,code inspection only,a global canonical skill id (or an explicit decision that the band-scoped rule is reused),Elixir of Life,T13-F036,Decide whether to promote/reuse the band-scoped 'Elixir of Life' rule as a global skill and link the hireling reference.,the 'Elixir of Life' reference is linked to a canonical identity or explicitly recorded as band-scoped.
source/catalog/hirelings/dramatis-personae/grade-1b.yaml/@/profiles/8/unresolved_references/3/unclassified,catalog/hirelings/dramatis-personae/grade-1b.yaml,current (hash verified),UNCLASSIFIED,the hireling references the source skill 'Weapon Master'.,,source_blocked,none (no global canonical skill id on the hireling),"catalog/hirelings/dramatis-personae/grade-1b.yaml records an unresolved_reference {kind: skill, source_name: 'Weapon Master'} with no runtime/binding.",no KB record matches the referenced name; the printed definition is required.,code inspection only,"the full printed definition of the skill 'Weapon Master' (mordheimer.net p0 'Dramatis Personae / Penthesilea, Mark Of The Serpent' https://mordheimer.net/docs/campaigns/dramatis-personae/grade-1b).",Weapon Master,T13-F036,"Obtain the printed definition of 'Weapon Master' (mordheimer.net p0 'Dramatis Personae / Penthesilea, Mark Of The Serpent' https://mordheimer.net/docs/campaigns/dramatis-personae/grade-1b) and add the canonical skill or record it as unavailable.",'Weapon Master' is transcribed and either added as a canonical skill bound to a consumed operator or recorded as unavailable.
source/catalog/hirelings/dramatis-personae/grade-1b.yaml/hireling.dramatis.abdul-alhazred-the-mad-sorcerer.rule.djinn-master/unclassified,catalog/hirelings/dramatis-personae/grade-1b.yaml,current (hash verified),NO,,Djinn Master: lets a Hero using a Lamp of the Djinn apply a +1 / -1 modifier on the Light / Dark tables (magic-item table resolution).,out_of_scope,none,"printed definition transcribed (mordheimer.net / Abdul Alhazred, the Mad Sorcerer, https://mordheimer.net/docs/campaigns/dramatis-personae/grade-1b); the KB rule carried only a summary.",the transcribed clauses belong to subsystems the current 1v1 scope excludes; no executable duel operator is admitted.,"external source read (mordheimer.net, HTTP 200) + code inspection",,hireling.dramatis.abdul-alhazred-the-mad-sorcerer,T13-F036,No repair required; keep the clause recorded as out of scope unless the governing 1v1 boundary changes.,the clause stays out of scope or a melee clause is supplied with a consumed operator.
source/catalog/hirelings/dramatis-personae/grade-1b.yaml/hireling.dramatis.crow-master-the.rule.crow-master/unclassified,catalog/hirelings/dramatis-personae/grade-1b.yaml,current (hash verified),YES,Mantle of Crows: every enemy model in base contact with the Crow Master at the start of the hand-to-hand phase suffers one automatic Strength 2 hit before any blows are struck.,"Needle and Thread (after stunning an opponent, sews the mouth shut, denying the leader ability and spellcasting) and Payment in blood (post-battle abduction).",implementation_missing,none (no start-of-combat automatic-hit operator),"printed definition transcribed (mordheimer.net / Crow Master, The, https://mordheimer.net/docs/campaigns/dramatis-personae/grade-1b); the KB 'Crow Master' rule carried only 'Uses the source necromantic/crow special rules.'",no consumed operator realizes the admitted clause.,"external source read (mordheimer.net, HTTP 200) + code inspection",an operator emitting an automatic S2 hit to base-contact enemies at the start of the hand-to-hand phase.,hireling.dramatis.crow-master-the,T13-F036,Implement the admitted clause with a new or promoted operator.,the admitted clause is realized by a consumed operator with a semantic spec.
source/catalog/hirelings/dramatis-personae/grade-1b.yaml/hireling.dramatis.drenok-johansen-wielder-of-the-great-axe.rule.sabertooth-tiger-hide/unclassified,catalog/hirelings/dramatis-personae/grade-1b.yaml,current (hash verified),YES,Sabertooth Tiger Hide: a 6+ save in close combat and a 5+ save against missile fire.,,connection_gap,the save operator (EffectSet.ward_save; compiler.py:504 -> phases.py:477; also armour_save_bonus),"printed definition transcribed (mordheimer.net / Drenok Johansen, https://mordheimer.net/docs/campaigns/dramatis-personae/grade-1b); the KB rule carried only 'Uses unique hide rules.'","an operator exists and is consumed, but the rule is not bound to it.","external source read (mordheimer.net, HTTP 200) + code inspection",a binding from sabertooth-tiger-hide to the save operator; the attack-type values (6+ close combat / 5+ missile) exceed the single ward_save field.,hireling.dramatis.drenok-johansen-wielder-of-the-great-axe,T13-F036,Bind the hide to the save operator and express the close-combat/missile split (a second save field or a conditional).,the rule is bound to a consumed operator and a semantic spec exercises it.
source/catalog/hirelings/dramatis-personae/grade-1b.yaml/hireling.dramatis.khar-mel-the-djinn.rule.djinn-s-curse/unclassified,catalog/hirelings/dramatis-personae/grade-1b.yaml,current (hash verified),YES,"Djinn's Curse: all enemies within 4"" suffer -1 to their to-hit rolls (missiles and close combat) and -1 to all their saves.",,implementation_missing,none (no proximity aura applying to-hit and save penalties),"printed definition transcribed (mordheimer.net / Khar-mel The Djinn, https://mordheimer.net/docs/campaigns/dramatis-personae/grade-1b); the KB rule carried only 'Applies source penalties nearby.'",no consumed operator realizes the admitted clause.,"external source read (mordheimer.net, HTTP 200) + code inspection","a proximity-aura operator applying -1 to hit and -1 to saves within 4"".",hireling.dramatis.khar-mel-the-djinn,T13-F036,Implement the admitted clause with a new or promoted operator.,the admitted clause is realized by a consumed operator with a semantic spec.
source/catalog/hirelings/dramatis-personae/grade-1b.yaml/hireling.dramatis.khar-mel-the-djinn.rule.whirlwind/unclassified,catalog/hirelings/dramatis-personae/grade-1b.yaml,current (hash verified),NO,,"Whirlwind: run at triple movement, may not charge or be charged and is -1 to be hit by missiles (movement mode).",out_of_scope,none,"printed definition transcribed (mordheimer.net / Khar-mel The Djinn, https://mordheimer.net/docs/campaigns/dramatis-personae/grade-1b); the KB rule carried only 'Uses source movement/power mode.'",the transcribed clauses belong to subsystems the current 1v1 scope excludes; no executable duel operator is admitted.,"external source read (mordheimer.net, HTTP 200) + code inspection",,hireling.dramatis.khar-mel-the-djinn,T13-F036,No repair required; keep the clause recorded as out of scope unless the governing 1v1 boundary changes.,the clause stays out of scope or a melee clause is supplied with a consumed operator.
source/catalog/hirelings/dramatis-personae/grade-1b.yaml/hireling.dramatis.penthesilea-mark-of-the-serpent.rule.amazon/unclassified,catalog/hirelings/dramatis-personae/grade-1b.yaml,current (hash verified),YES,Amazon: 'She is an Amazon and therefore all of the Amazon special rules apply.',,connection_gap,"the Amazons (Lustria) band rule package: bands/mordheim/amazons-lustria/special-rules.yaml (mechanic.amazon-isolationists -> contexts.py:121, _attacks.py:256; mechanic.mesmerising-dance; mechanic.strike-first-vs-skinks-*)","printed definition transcribed (mordheimer.net / Penthesilea, Mark Of The Serpent, https://mordheimer.net/docs/campaigns/dramatis-personae/grade-1b); the KB rule carried only 'Uses source Amazon rules.'","an operator exists and is consumed, but the rule is not bound to it.","external source read (mordheimer.net, HTTP 200) + code inspection","a binding from the hireling to the band's Amazon rule package (one member clause, Elixir of Life, is itself unimplemented).",hireling.dramatis.penthesilea-mark-of-the-serpent,T13-F036,Bind the hireling to the Amazons (Lustria) band rule package already consumed by mechanic.amazon-isolationists.,the rule is bound to a consumed operator and a semantic spec exercises it.
source/catalog/hirelings/dramatis-personae/grade-1c.yaml/@/profiles/2/unresolved_references/1/unclassified,catalog/hirelings/dramatis-personae/grade-1c.yaml,current (hash verified),YES,the hireling references the source skill 'Grizzled Veteran'.,,metadata_gap,none (no global canonical skill id on the hireling),"catalog/hirelings/dramatis-personae/grade-1c.yaml records an unresolved_reference {kind: skill, source_name: 'Grizzled Veteran'} with no runtime/binding. A KB counterpart exists: bands/mordheim/pit-fighters/special-rules.yaml#Grizzled Veteran (+ trollheim/chaos-streets-pit-fighters).",only a band-scoped rule exists; there is no global canonical skill id to bind the hireling reference to,code inspection only,a global canonical skill id (or an explicit decision that the band-scoped rule is reused),Grizzled Veteran,T13-F036,Decide whether to promote/reuse the band-scoped 'Grizzled Veteran' rule as a global skill and link the hireling reference.,the 'Grizzled Veteran' reference is linked to a canonical identity or explicitly recorded as band-scoped.
source/catalog/hirelings/dramatis-personae/grade-1c.yaml/@/profiles/2/unresolved_references/2/unclassified,catalog/hirelings/dramatis-personae/grade-1c.yaml,current (hash verified),YES,Innominatus references the skill 'Death without a face' (printed definition: Causes fear).,,metadata_gap,mechanic.causes-fear (consumed; contexts.py:100/214/297),"catalog/hirelings/dramatis-personae/grade-1c.yaml records an unresolved_reference {kind: skill, source_name: 'Death without a face'} with no runtime/binding; the printed skill list gives its effect as 'Causes fear' (mordheimer.net / Innominatus, https://mordheimer.net/docs/campaigns/dramatis-personae/grade-1c).",the concept is understood but a KB record/link is missing; no executable binding exists.,"external source read (mordheimer.net, HTTP 200) + code inspection",a canonical skill record for 'Death without a face' and a link/binding of its fear effect to mechanic.causes-fear.,Death without a face,T13-F036,"Add the 'Death without a face' skill record (causes fear) and bind it to mechanic.causes-fear, or record it as hireling-scoped.",the reference resolves to a canonical identity bound to a consumed operator.
source/catalog/hirelings/dramatis-personae/grade-1c.yaml/hireling.dramatis.grand-master-ippan-shu.rule.fire-breath/unclassified,catalog/hirelings/dramatis-personae/grade-1c.yaml,current (hash verified),NO,,Way of the Dragon / Fire Breath: in the shooting phase a flame-template automatic Strength 4 hit that sets hit models on fire on a 4+ (shooting/template).,out_of_scope,none,"printed definition transcribed (mordheimer.net / Grand Master Ippan Shu, https://mordheimer.net/docs/campaigns/dramatis-personae/grade-1c); the KB rule carried only 'Uses source fire-breath attack.'",the transcribed clauses belong to subsystems the current 1v1 scope excludes; no executable duel operator is admitted.,"external source read (mordheimer.net, HTTP 200) + code inspection",,hireling.dramatis.grand-master-ippan-shu,T13-F036,No repair required; keep the clause recorded as out of scope unless the governing 1v1 boundary changes.,the clause stays out of scope or a melee clause is supplied with a consumed operator.
source/catalog/hirelings/dramatis-personae/grade-1c.yaml/hireling.dramatis.innominatus-the-tilean-gladiator.rule.who-is-the-hero/unclassified,catalog/hirelings/dramatis-personae/grade-1c.yaml,current (hash verified),UNCLASSIFIED,Who is the hero?: once per battle the accepted challenge is resolved immediately as a normal 1v1 fight (the melee engine can resolve the fight itself).,"Challenge targeting of any hero/hired sword/Dramatis Personae anywhere on the field, the immediate removal of a refusing model, and the Thumbs Up / Thumbs Down consequences (roster removal, XP, loot).",decision_required,"none (a forced-duel trigger; no challenge operator, no opponent-selection fact)","printed definition transcribed (mordheimer.net / Innominatus, the Tilean Gladiator, https://mordheimer.net/docs/campaigns/dramatis-personae/grade-1c); the KB rule carried only 'Uses source identity rule.'",the scope-boundary call is not the auditor's to make; the clauses are recorded for a coordinator ruling.,"external source read (mordheimer.net, HTTP 200) + code inspection","the ruling whether the out-of-combat forced-duel trigger belongs to the 1v1 boundary, and an operator/fact to select the challenged opponent.",hireling.dramatis.innominatus-the-tilean-gladiator,T13-F036,Decide (coordinator) whether the challenge trigger is inside the 1v1 boundary; then bind the accepted fight and keep the removal/Thumbs Up-Down clauses campaign-only.,the ruling is recorded; the accepted 1v1 fight is bound or the ability is documented as campaign-only with the removal consequences explicit.
source/catalog/hirelings/dramatis-personae/grade-1c.yaml/hireling.dramatis.luthor-the-looter.rule.i-ain-t-got-time/unclassified,catalog/hirelings/dramatis-personae/grade-1c.yaml,current (hash verified),NO,,I Ain't Got Time For You!: Luthor always succeeds when checking to escape from combat (disengage / early termination).,out_of_scope,none,"printed definition transcribed (mordheimer.net / Luthor the Looter, https://mordheimer.net/docs/campaigns/dramatis-personae/grade-1c); the KB rule carried only 'Uses source rule.'",the transcribed clauses belong to subsystems the current 1v1 scope excludes; no executable duel operator is admitted.,"external source read (mordheimer.net, HTTP 200) + code inspection",,hireling.dramatis.luthor-the-looter,T13-F036,No repair required; keep the clause recorded as out of scope unless the governing 1v1 boundary changes.,the clause stays out of scope or a melee clause is supplied with a consumed operator.
source/catalog/hirelings/dramatis-personae/grade-1c.yaml/hireling.dramatis.luthor-wolfenbaum.rule.evil-eye/unclassified,catalog/hirelings/dramatis-personae/grade-1c.yaml,current (hash verified),NO,,Evil Eye: Luthor is immune to Eye Injuries; ignore the result 31 on the Permanent Injury roll table (post-battle injury).,out_of_scope,none,"printed definition transcribed (mordheimer.net / Luthor Wolfenbaum, https://mordheimer.net/docs/campaigns/dramatis-personae/grade-1c); the KB rule carried only 'Uses source Evil Eye rule.'",the transcribed clauses belong to subsystems the current 1v1 scope excludes; no executable duel operator is admitted.,"external source read (mordheimer.net, HTTP 200) + code inspection",,hireling.dramatis.luthor-wolfenbaum,T13-F036,No repair required; keep the clause recorded as out of scope unless the governing 1v1 boundary changes.,the clause stays out of scope or a melee clause is supplied with a consumed operator.
source/catalog/hirelings/dramatis-personae/grade-2a.yaml/@/profiles/6/unresolved_references/1/unclassified,catalog/hirelings/dramatis-personae/grade-2a.yaml,current (hash verified),YES,the hireling references the source skill 'Swashbuckler (Pirate Warband skill)'.,,metadata_gap,none (no global canonical skill id on the hireling),"catalog/hirelings/dramatis-personae/grade-2a.yaml records an unresolved_reference {kind: skill, source_name: 'Swashbuckler (Pirate Warband skill)'} with no runtime/binding. A KB counterpart exists: bands/mordheim/pirates/special-rules.yaml#Swashbuckler (+ shallows-beasts-mim, trollheim/lustria-pirates).",only a band-scoped rule exists; there is no global canonical skill id to bind the hireling reference to,code inspection only,a global canonical skill id (or an explicit decision that the band-scoped rule is reused),Swashbuckler (Pirate Warband skill),T13-F036,Decide whether to promote/reuse the band-scoped 'Swashbuckler (Pirate Warband skill)' rule as a global skill and link the hireling reference.,the 'Swashbuckler (Pirate Warband skill)' reference is linked to a canonical identity or explicitly recorded as band-scoped.
source/catalog/hirelings/dramatis-personae/grade-2b.yaml/@/profiles/1/equipment/fixed_items/2/notes/unclassified,catalog/hirelings/dramatis-personae/grade-2b.yaml,current (hash verified),UNCLASSIFIED,the hireling is issued the REL-specific 'stickfire' item (definition pending).,,metadata_gap,none (no catalog record; the KB records only a deliberate dangling reference),"catalog/hirelings/dramatis-personae/grade-2b.yaml records the fixed item 'stickfire' with only a note: 'REL-specific item ... no KB or 2B catalog equivalent - deliberate dangling ref, define at promotion' (broheim.net Relics of the Crusades Pt.2 p16 https://broheim.net/downloads/fo/97RelicsoftheCrusadesPt2.pdf).",the concept is understood but a KB record/link is missing; no executable binding exists.,"external source read (mordheimer.net, HTTP 200) + code inspection",a catalog definition for the REL-specific 'stickfire' item (what it does in a battle).,hireling.dramatis.armen-abbas,T13-F036,"Define the REL-specific 'stickfire' item from the REL source at promotion, or mark the REL items as a distinct out-of-duel subset.","the REL item has a catalog record with a classified scope, or the REL subset is explicitly documented as unmodelled."
source/catalog/hirelings/dramatis-personae/grade-2b.yaml/@/profiles/1/equipment/fixed_items/3/notes/unclassified,catalog/hirelings/dramatis-personae/grade-2b.yaml,current (hash verified),UNCLASSIFIED,the hireling is issued the REL-specific 'vermin pot' item (definition pending).,,metadata_gap,none (no catalog record; the KB records only a deliberate dangling reference),"catalog/hirelings/dramatis-personae/grade-2b.yaml records the fixed item 'vermin pot' with only a note: 'REL-specific item ... no KB or 2B catalog equivalent - deliberate dangling ref, define at promotion' (broheim.net Relics of the Crusades Pt.2 p16 https://broheim.net/downloads/fo/97RelicsoftheCrusadesPt2.pdf).",the concept is understood but a KB record/link is missing; no executable binding exists.,"external source read (mordheimer.net, HTTP 200) + code inspection",a catalog definition for the REL-specific 'vermin pot' item (what it does in a battle).,hireling.dramatis.armen-abbas,T13-F036,"Define the REL-specific 'vermin pot' item from the REL source at promotion, or mark the REL items as a distinct out-of-duel subset.","the REL item has a catalog record with a classified scope, or the REL subset is explicitly documented as unmodelled."
source/catalog/hirelings/hired-swords/grade-1a.yaml/hireling.hired-sword.beast-hunter.rule.predator/unclassified,catalog/hirelings/hired-swords/grade-1a.yaml,current (hash verified),NO,,wilderness-only (not within Mordheim) setup after both warbands deploy (deployment/terrain gating).,out_of_scope,none,printed definition transcribed from the maintained external source (mordheimer.net p0 'Hired Swords / Beast Hunter' https://mordheimer.net/docs/campaigns/hired-swords/grade-1a); the KB rule carried only a summary.,the transcribed clauses belong to subsystems the current 1v1 scope excludes; no executable duel operator is admitted.,"external source read (mordheimer.net, HTTP 200) + code inspection",,hireling.hired-sword.beast-hunter,T13-F036,No repair required; keep the clause recorded as out of scope unless the governing 1v1 boundary changes.,the clause stays out of scope or a melee clause is supplied with a consumed operator.
source/catalog/hirelings/hired-swords/grade-1a.yaml/hireling.hired-sword.beast-hunter.rule.skull-rack/unclassified,catalog/hirelings/hired-swords/grade-1a.yaml,current (hash verified),YES,causes fear in all Beastmen.,,connection_gap,mechanic.causes-fear,printed definition transcribed from the maintained external source (mordheimer.net p0 'Hired Swords / Beast Hunter' https://mordheimer.net/docs/campaigns/hired-swords/grade-1a); the KB rule carried only a summary.,"an operator exists and is consumed, but the rule is not bound to it.","external source read (mordheimer.net, HTTP 200) + code inspection",a binding from skull-rack to mechanic.causes-fear plus a Beastmen opponent condition,hireling.hired-sword.beast-hunter,T13-F036,Bind the rule to the existing operator listed in existing_target.,the rule is bound to a consumed operator and a semantic spec exercises it.
source/catalog/hirelings/hired-swords/grade-1a.yaml/hireling.hired-sword.imperial-assassin.rule.backstabber/unclassified,catalog/hirelings/hired-swords/grade-1a.yaml,current (hash verified),YES,+1 to hit and +1 on Injury rolls in the first round when charging an opponent he cannot see.,the cannot-see precondition (line of sight).,implementation_missing,none (no charge-backstab operator),printed definition transcribed from the maintained external source (mordheimer.net p0 'Hired Swords / Imperial Assassin' https://mordheimer.net/docs/campaigns/hired-swords/grade-1a); the KB rule carried only a summary.,no consumed operator realizes the admitted clause.,"external source read (mordheimer.net, HTTP 200) + code inspection",the operator realizing the charge-backstab bonus and the cannot-see precondition,hireling.hired-sword.imperial-assassin,T13-F036,Implement the admitted clause with a new or promoted operator.,the admitted clause is realized by a consumed operator with a semantic spec.
source/catalog/hirelings/hired-swords/grade-1a.yaml/hireling.hired-sword.roadwarden.rule.lethal-marksman/unclassified,catalog/hirelings/hired-swords/grade-1a.yaml,current (hash verified),NO,,combines the Trick Shooter and Eagle Eyes shooting skills.,out_of_scope,none,printed definition transcribed from the maintained external source (mordheimer.net p0 'Hired Swords / Roadwarden' https://mordheimer.net/docs/campaigns/hired-swords/grade-1a); the KB rule carried only a summary.,the transcribed clauses belong to subsystems the current 1v1 scope excludes; no executable duel operator is admitted.,"external source read (mordheimer.net, HTTP 200) + code inspection",,hireling.hired-sword.roadwarden,T13-F036,No repair required; keep the clause recorded as out of scope unless the governing 1v1 boundary changes.,the clause stays out of scope or a melee clause is supplied with a consumed operator.
source/catalog/hirelings/hired-swords/grade-1a.yaml/hireling.hired-sword.roadwarden.rule.stern/unclassified,catalog/hirelings/hired-swords/grade-1a.yaml,current (hash verified),YES,may re-roll any failed Leadership test for fear.,immune to the All Alone rules (group).,connection_gap,mechanic.fear-reroll,printed definition transcribed from the maintained external source (mordheimer.net p0 'Hired Swords / Roadwarden' https://mordheimer.net/docs/campaigns/hired-swords/grade-1a); the KB rule carried only a summary.,"an operator exists and is consumed, but the rule is not bound to it.","external source read (mordheimer.net, HTTP 200) + code inspection",a binding from stern to mechanic.fear-reroll,hireling.hired-sword.roadwarden,T13-F036,Bind the rule to the existing operator listed in existing_target.,the rule is bound to a consumed operator and a semantic spec exercises it.
source/catalog/hirelings/hired-swords/grade-1a.yaml/hireling.hired-sword.tilean-marksman.rule.steady-hands/unclassified,catalog/hirelings/hired-swords/grade-1a.yaml,current (hash verified),NO,,ignores long-range to-hit modifiers when shooting the crossbow (shooting).,out_of_scope,none,printed definition transcribed from the maintained external source (mordheimer.net p0 'Hired Swords / Tilean Marksman' https://mordheimer.net/docs/campaigns/hired-swords/grade-1a); the KB rule carried only a summary.,the transcribed clauses belong to subsystems the current 1v1 scope excludes; no executable duel operator is admitted.,"external source read (mordheimer.net, HTTP 200) + code inspection",,hireling.hired-sword.tilean-marksman,T13-F036,No repair required; keep the clause recorded as out of scope unless the governing 1v1 boundary changes.,the clause stays out of scope or a melee clause is supplied with a consumed operator.
source/catalog/hirelings/hired-swords/grade-1b.yaml/@/profiles/21/unresolved_references/0/unclassified,catalog/hirelings/hired-swords/grade-1b.yaml,current (hash verified),NO,,Rune Use: a Runesmith inscribes temporary Runes before a battle (a pre-battle system treated like prayers).,out_of_scope,none,the Runesmith printed definition describes the Rune Use system as pre-battle inscription; no duel operator exists.,the transcribed clauses belong to subsystems the current 1v1 scope excludes; no executable duel operator is admitted.,"external source read (mordheimer.net, HTTP 200) + code inspection",,Rune use,T13-F036,No repair required; keep the clause recorded as out of scope unless the governing 1v1 boundary changes.,the clause stays out of scope or a melee clause is supplied with a consumed operator.
source/catalog/hirelings/hired-swords/grade-1b.yaml/@/profiles/28/unresolved_references/1/unclassified,catalog/hirelings/hired-swords/grade-1b.yaml,current (hash verified),UNCLASSIFIED,A Vampire must pass a Leadership test or it cannot charge a model carrying a clove of garlic (charge gating).,the Garlic item record's combat_status: out_of_scope exclusion (catalog/items/miscellaneous.yaml:566-577).,decision_required,item Garlic (catalog/items/miscellaneous.yaml:568) + the Vampire charge-test clause,the Hireling reference is an equipment_mapping; the item record for Garlic currently excludes it while a Vampire charge-test clause exists.,no admitted operator: the contact-gating boundary between the item record and the charge test is unresolved.,code inspection only,the reconciliation of Garlic's item-record exclusion with its Vampire charge-test clause (contact-gating boundary).,,T13-F036,Decide the Garlic contact-gating boundary (item record vs charge-test clause) before admitting an operator.,the Garlic item record and its charge-test clause are reconciled into one consumed operator or an explicit exclusion.
source/catalog/hirelings/hired-swords/grade-1b.yaml/hireling.hired-sword.black-orc-overseer.rule.overseer/unclassified,catalog/hirelings/hired-swords/grade-1b.yaml,current (hash verified),NO,,"I said 'shut it' (Animosity suppression within 6"", group psychology) and Who'se Da Man! (leader replacement, campaign).",out_of_scope,none,printed definition transcribed from the maintained external source (mordheimer.net p0 'Hired Swords / Black Orc Overseer' https://mordheimer.net/docs/campaigns/hired-swords/grade-1b); the KB rule carried only a summary.,the transcribed clauses belong to subsystems the current 1v1 scope excludes; no executable duel operator is admitted.,"external source read (mordheimer.net, HTTP 200) + code inspection",,hireling.hired-sword.black-orc-overseer,T13-F036,No repair required; keep the clause recorded as out of scope unless the governing 1v1 boundary changes.,the clause stays out of scope or a melee clause is supplied with a consumed operator.
source/catalog/hirelings/hired-swords/grade-1b.yaml/hireling.hired-sword.clan-skryre-rat-ogre.rule.bio-machinery/unclassified,catalog/hirelings/hired-swords/grade-1b.yaml,current (hash verified),YES,immune to psychology and never leaves combat.,"never leaves combat (no voluntary Rout) plus Wyrdstone Powered / May not run / Immune to Poison, which live on separate rules.",connection_gap,mechanic.psychology-immunity,printed definition transcribed from the maintained external source (mordheimer.net p0 'Hired Swords / Clan Skryre Rat Ogre' https://mordheimer.net/docs/campaigns/hired-swords/grade-1b); the KB rule carried only a summary.,"an operator exists and is consumed, but the rule is not bound to it.","external source read (mordheimer.net, HTTP 200) + code inspection",a binding from bio-machinery to mechanic.psychology-immunity,hireling.hired-sword.clan-skryre-rat-ogre,T13-F036,Bind the rule to the existing operator listed in existing_target.,the rule is bound to a consumed operator and a semantic spec exercises it.
source/catalog/hirelings/hired-swords/grade-1b.yaml/hireling.hired-sword.human-scout.rule.expert-hunter/unclassified,catalog/hirelings/hired-swords/grade-1b.yaml,current (hash verified),NO,,hidden models are detected at half Initiative and the Scout fires his Bow while remaining Hidden (hiding/shooting subsystems).,out_of_scope,none,printed definition transcribed from the maintained external source (mordheimer.net p0 'Hired Swords / Human Scout' https://mordheimer.net/docs/campaigns/hired-swords/grade-1b); the KB rule carried only a summary.,the transcribed clauses belong to subsystems the current 1v1 scope excludes; no executable duel operator is admitted.,"external source read (mordheimer.net, HTTP 200) + code inspection",,hireling.hired-sword.human-scout,T13-F036,No repair required; keep the clause recorded as out of scope unless the governing 1v1 boundary changes.,the clause stays out of scope or a melee clause is supplied with a consumed operator.
source/catalog/hirelings/hired-swords/grade-1b.yaml/hireling.hired-sword.human-scout.rule.not-a-fighter/unclassified,catalog/hirelings/hired-swords/grade-1b.yaml,current (hash verified),NO,,leaves on a 1-3 instead of 1-2 when rolling after the game (post-game retention).,out_of_scope,none,printed definition transcribed from the maintained external source (mordheimer.net p0 'Hired Swords / Human Scout' https://mordheimer.net/docs/campaigns/hired-swords/grade-1b); the KB rule carried only a summary.,the transcribed clauses belong to subsystems the current 1v1 scope excludes; no executable duel operator is admitted.,"external source read (mordheimer.net, HTTP 200) + code inspection",,hireling.hired-sword.human-scout,T13-F036,No repair required; keep the clause recorded as out of scope unless the governing 1v1 boundary changes.,the clause stays out of scope or a melee clause is supplied with a consumed operator.
source/catalog/hirelings/hired-swords/grade-1b.yaml/hireling.hired-sword.kislev-ranger.rule.animal-call/unclassified,catalog/hirelings/hired-swords/grade-1b.yaml,current (hash verified),NO,,Hidden precondition plus an enemy Leadership test that lets the Ranger move them (movement/psychology).,out_of_scope,none,printed definition transcribed from the maintained external source (mordheimer.net p0 'Hired Swords / Kislev Ranger' https://mordheimer.net/docs/campaigns/hired-swords/grade-1b); the KB rule carried only a summary.,the transcribed clauses belong to subsystems the current 1v1 scope excludes; no executable duel operator is admitted.,"external source read (mordheimer.net, HTTP 200) + code inspection",,hireling.hired-sword.kislev-ranger,T13-F036,No repair required; keep the clause recorded as out of scope unless the governing 1v1 boundary changes.,the clause stays out of scope or a melee clause is supplied with a consumed operator.
source/catalog/hirelings/hired-swords/grade-1b.yaml/hireling.hired-sword.kislev-ranger.rule.herb-lore/unclassified,catalog/hirelings/hired-swords/grade-1b.yaml,current (hash verified),NO,,restores 1 wound in the recovery phase (no recovery phase in a 1v1 duel).,out_of_scope,none,printed definition transcribed from the maintained external source (mordheimer.net p0 'Hired Swords / Kislev Ranger' https://mordheimer.net/docs/campaigns/hired-swords/grade-1b); the KB rule carried only a summary.,the transcribed clauses belong to subsystems the current 1v1 scope excludes; no executable duel operator is admitted.,"external source read (mordheimer.net, HTTP 200) + code inspection",,hireling.hired-sword.kislev-ranger,T13-F036,No repair required; keep the clause recorded as out of scope unless the governing 1v1 boundary changes.,the clause stays out of scope or a melee clause is supplied with a consumed operator.
source/catalog/hirelings/hired-swords/grade-1b.yaml/hireling.hired-sword.kislev-ranger.rule.hunter-s-cloak/unclassified,catalog/hirelings/hired-swords/grade-1b.yaml,current (hash verified),NO,,a Hidden ranger does not reveal her position by shooting and the target may spot with an Initiative test (hiding/shooting).,out_of_scope,none,printed definition transcribed from the maintained external source (mordheimer.net p0 'Hired Swords / Kislev Ranger' https://mordheimer.net/docs/campaigns/hired-swords/grade-1b); the KB rule carried only a summary.,the transcribed clauses belong to subsystems the current 1v1 scope excludes; no executable duel operator is admitted.,"external source read (mordheimer.net, HTTP 200) + code inspection",,hireling.hired-sword.kislev-ranger,T13-F036,No repair required; keep the clause recorded as out of scope unless the governing 1v1 boundary changes.,the clause stays out of scope or a melee clause is supplied with a consumed operator.
source/catalog/hirelings/hired-swords/grade-1b.yaml/hireling.hired-sword.mule-skinner.rule.animal-handler/unclassified,catalog/hirelings/hired-swords/grade-1b.yaml,current (hash verified),YES,grants one Animal Handling skill of the player's choice.,,metadata_gap,the Animal Handling mechanic (animal_handler_leadership; compiler.py:452 -> modular/rounds.py:296-300),printed definition transcribed from the maintained external source (mordheimer.net p0 'Hired Swords / Mule Skinner' https://mordheimer.net/docs/campaigns/hired-swords/grade-1b); the KB rule carried only a summary.,the concept is understood but a KB record/link is missing; no executable binding exists.,"external source read (mordheimer.net, HTTP 200) + code inspection",a skill-grant binding / canonical Animal Handling skill record (the rule has no runtime or binding),hireling.hired-sword.mule-skinner,T13-F036,Add the missing canonical record/link so the clause resolves to a consumed operator.,the reference resolves to a canonical identity bound to a consumed operator.
source/catalog/hirelings/hired-swords/grade-1b.yaml/hireling.hired-sword.runesmith-journeyman.rule.runesmith/unclassified,catalog/hirelings/hired-swords/grade-1b.yaml,current (hash verified),NO,,inscribes temporary Runes before a battle and runs the Armourer trading discount (pre-battle/campaign).,out_of_scope,none,printed definition transcribed from the maintained external source (mordheimer.net p0 'Hired Swords / Runesmith Journeyman' https://mordheimer.net/docs/campaigns/hired-swords/grade-1b); the KB rule carried only a summary.,the transcribed clauses belong to subsystems the current 1v1 scope excludes; no executable duel operator is admitted.,"external source read (mordheimer.net, HTTP 200) + code inspection",,hireling.hired-sword.runesmith-journeyman,T13-F036,No repair required; keep the clause recorded as out of scope unless the governing 1v1 boundary changes.,the clause stays out of scope or a melee clause is supplied with a consumed operator.
source/catalog/hirelings/hired-swords/grade-1b.yaml/hireling.hired-sword.shadow-warrior.rule.bitter-enemies/unclassified,catalog/hirelings/hired-swords/grade-1b.yaml,current (hash verified),NO,,upkeep is waived when the last fight was against Dark Elves (campaign upkeep).,out_of_scope,none,printed definition transcribed from the maintained external source (mordheimer.net p0 'Hired Swords / Shadow Warrior' https://mordheimer.net/docs/campaigns/hired-swords/grade-1b); the KB rule carried only a summary.,the transcribed clauses belong to subsystems the current 1v1 scope excludes; no executable duel operator is admitted.,"external source read (mordheimer.net, HTTP 200) + code inspection",,hireling.hired-sword.shadow-warrior,T13-F036,No repair required; keep the clause recorded as out of scope unless the governing 1v1 boundary changes.,the clause stays out of scope or a melee clause is supplied with a consumed operator.
source/catalog/hirelings/hired-swords/grade-1b.yaml/hireling.hired-sword.snake-charmer.rule.snake-hunter/unclassified,catalog/hirelings/hired-swords/grade-1b.yaml,current (hash verified),NO,,"after each game the Charmer attempts to catch another snake in the Recruitment and Trading phase (post-game), with a rare self-hit.",out_of_scope,none,printed definition transcribed from the maintained external source (mordheimer.net p0 'Hired Swords / Snake Charmer' https://mordheimer.net/docs/campaigns/hired-swords/grade-1b); the KB rule carried only a summary.,the transcribed clauses belong to subsystems the current 1v1 scope excludes; no executable duel operator is admitted.,"external source read (mordheimer.net, HTTP 200) + code inspection",,hireling.hired-sword.snake-charmer,T13-F036,No repair required; keep the clause recorded as out of scope unless the governing 1v1 boundary changes.,the clause stays out of scope or a melee clause is supplied with a consumed operator.
source/catalog/hirelings/hired-swords/grade-1b.yaml/hireling.hired-sword.tomb-robber.rule.excellent-reflexes/unclassified,catalog/hirelings/hired-swords/grade-1b.yaml,current (hash verified),YES,"a special save of 5+ against any attack (shooting, close combat, traps or spells), improving to 4+ with the Dodge skill.",,connection_gap,the ward-save operator (EffectSet.ward_save; contracts.py TRAIT_TYPES ward_save),printed definition transcribed from the maintained external source (mordheimer.net p0 'Hired Swords / Tomb Robber' https://mordheimer.net/docs/campaigns/hired-swords/grade-1b); the KB rule carried only a summary.,"an operator exists and is consumed, but the rule is not bound to it.","external source read (mordheimer.net, HTTP 200) + code inspection",a binding from excellent-reflexes to the ward-save operator plus the Dodge upgrade,hireling.hired-sword.tomb-robber,T13-F036,Bind the rule to the existing operator listed in existing_target.,the rule is bound to a consumed operator and a semantic spec exercises it.
source/catalog/hirelings/hired-swords/grade-1b.yaml/hireling.hired-sword.witch.rule.potions/unclassified,catalog/hirelings/hired-swords/grade-1b.yaml,current (hash verified),YES,the brewed potion's lasting characteristic change supplied to the next battle (-1 Toughness / +1 Strength / +1 Toughness / +1 Wound).,the pre-battle random D6 draught roll.,partial,the supplied characteristic modifiers (build stat facts),printed definition transcribed from the maintained external source (mordheimer.net p0 'Hired Swords / Witch' https://mordheimer.net/docs/campaigns/hired-swords/grade-1b); the KB rule carried only a summary.,the admitted clause has no binding while the excluded clause is campaign-only.,"external source read (mordheimer.net, HTTP 200) + code inspection",a supply path/binding classifying the potion consequence,hireling.hired-sword.witch,T13-F036,Supply the admitted clause and keep the excluded clause out of scope.,every admitted clause is realized by a consumed operator.
source/catalog/hirelings/hired-swords/grade-1c.yaml/@/profiles/6/unresolved_references/1/unclassified,catalog/hirelings/hired-swords/grade-1c.yaml,current (hash verified),YES,the hireling references the source skill 'Lightning Speed'.,,metadata_gap,none (no global canonical skill id on the hireling),"catalog/hirelings/hired-swords/grade-1c.yaml records an unresolved_reference {kind: skill, source_name: 'Lightning Speed'} with no runtime/binding. A KB counterpart exists: bands/mordheim/battle-monks-of-cathay/special-rules.yaml#Lightning Speed.",only a band-scoped rule exists; there is no global canonical skill id to bind the hireling reference to,code inspection only,a global canonical skill id (or an explicit decision that the band-scoped rule is reused),Lightning Speed,T13-F036,Decide whether to promote/reuse the band-scoped 'Lightning Speed' rule as a global skill and link the hireling reference.,the 'Lightning Speed' reference is linked to a canonical identity or explicitly recorded as band-scoped.
source/catalog/hirelings/hired-swords/grade-1c.yaml/@/profiles/6/unresolved_references/2/unclassified,catalog/hirelings/hired-swords/grade-1c.yaml,current (hash verified),YES,the hireling references the source skill 'Leap of Faith'.,,metadata_gap,none (no global canonical skill id on the hireling),"catalog/hirelings/hired-swords/grade-1c.yaml records an unresolved_reference {kind: skill, source_name: 'Leap of Faith'} with no runtime/binding. A KB counterpart exists: bands/mordheim/battle-monks-of-cathay/special-rules.yaml#Leap of Faith.",only a band-scoped rule exists; there is no global canonical skill id to bind the hireling reference to,code inspection only,a global canonical skill id (or an explicit decision that the band-scoped rule is reused),Leap of Faith,T13-F036,Decide whether to promote/reuse the band-scoped 'Leap of Faith' rule as a global skill and link the hireling reference.,the 'Leap of Faith' reference is linked to a canonical identity or explicitly recorded as band-scoped.
source/catalog/hirelings/hired-swords/grade-1c.yaml/hireling.hired-sword.cathayan-merchant.rule.guardian/unclassified,catalog/hirelings/hired-swords/grade-1c.yaml,current (hash verified),NO,,acquires a bodyguard model that intercepts shots and charges (third independent participant / external actor).,out_of_scope,none,printed definition transcribed from the maintained external source (mordheimer.net p0 'Hired Swords / Cathayan Merchant' https://mordheimer.net/docs/campaigns/hired-swords/grade-1c); the KB rule carried only a summary.,the transcribed clauses belong to subsystems the current 1v1 scope excludes; no executable duel operator is admitted.,"external source read (mordheimer.net, HTTP 200) + code inspection",,hireling.hired-sword.cathayan-merchant,T13-F036,No repair required; keep the clause recorded as out of scope unless the governing 1v1 boundary changes.,the clause stays out of scope or a melee clause is supplied with a consumed operator.
source/catalog/hirelings/hired-swords/grade-1c.yaml/hireling.hired-sword.cathayan-merchant.rule.stone-cutter/unclassified,catalog/hirelings/hired-swords/grade-1c.yaml,current (hash verified),NO,,refines wyrdstone for extra gold when the warband sells it (campaign economy).,out_of_scope,none,printed definition transcribed from the maintained external source (mordheimer.net p0 'Hired Swords / Cathayan Merchant' https://mordheimer.net/docs/campaigns/hired-swords/grade-1c); the KB rule carried only a summary.,the transcribed clauses belong to subsystems the current 1v1 scope excludes; no executable duel operator is admitted.,"external source read (mordheimer.net, HTTP 200) + code inspection",,hireling.hired-sword.cathayan-merchant,T13-F036,No repair required; keep the clause recorded as out of scope unless the governing 1v1 boundary changes.,the clause stays out of scope or a melee clause is supplied with a consumed operator.
source/catalog/hirelings/hired-swords/grade-1c.yaml/hireling.hired-sword.chaos-centaur.rule.drunken/unclassified,catalog/hirelings/hired-swords/grade-1c.yaml,current (hash verified),YES,"start of each turn roll a D6: 1 = Stupidity, 6 = Frenzy for that turn, and while both they are immune to other psychology.",,connection_gap,mechanic.stupidity + the frenzy trait,printed definition transcribed from the maintained external source (mordheimer.net p0 'Hired Swords / Chaos Centaur' https://mordheimer.net/docs/campaigns/hired-swords/grade-1c); the KB rule carried only a summary.,"an operator exists and is consumed, but the rule is not bound to it.","external source read (mordheimer.net, HTTP 200) + code inspection",a binding from drunken to mechanic.stupidity/frenzy with the once-per-turn D6,hireling.hired-sword.chaos-centaur,T13-F036,Bind the rule to the existing operator listed in existing_target.,the rule is bound to a consumed operator and a semantic spec exercises it.
source/catalog/hirelings/hired-swords/grade-1c.yaml/hireling.hired-sword.hobgoblin-scout.rule.traitor/unclassified,catalog/hirelings/hired-swords/grade-1c.yaml,current (hash verified),YES,the Scout is subject to the hatred of all greenskin races (Orcs & Goblins and Black Orcs).,may never take any other greenskin Hired Swords (campaign hiring restriction).,partial,none (no is-hated-by-greenskins operator),printed definition transcribed from the maintained external source (mordheimer.net p0 'Hired Swords / Hobgoblin Scout' https://mordheimer.net/docs/campaigns/hired-swords/grade-1c); the KB rule carried only a summary.,the admitted clause has no binding while the excluded clause is campaign-only.,"external source read (mordheimer.net, HTTP 200) + code inspection",a reciprocal hatred operator/recipient fact for the greenskin hatred,hireling.hired-sword.hobgoblin-scout,T13-F036,Supply the admitted clause and keep the excluded clause out of scope.,every admitted clause is realized by a consumed operator.
source/catalog/hirelings/hired-swords/grade-1c.yaml/hireling.hired-sword.pyromaniac.rule.crazed-firestarter/unclassified,catalog/hirelings/hired-swords/grade-1c.yaml,current (hash verified),NO,,starts rockets / throws firecrackers in the shooting phase and moves but never runs or charges (shooting/movement).,out_of_scope,none,printed definition transcribed from the maintained external source (mordheimer.net p0 'Hired Swords / Pyromaniac' https://mordheimer.net/docs/campaigns/hired-swords/grade-1c); the KB rule carried only a summary.,the transcribed clauses belong to subsystems the current 1v1 scope excludes; no executable duel operator is admitted.,"external source read (mordheimer.net, HTTP 200) + code inspection",,hireling.hired-sword.pyromaniac,T13-F036,No repair required; keep the clause recorded as out of scope unless the governing 1v1 boundary changes.,the clause stays out of scope or a melee clause is supplied with a consumed operator.
source/catalog/hirelings/hired-swords/grade-1c.yaml/hireling.hired-sword.pyromaniac.rule.display-artist/unclassified,catalog/hirelings/hired-swords/grade-1c.yaml,current (hash verified),NO,,"Display Artist: instead of rolling the artillery die, make an Initiative test to detonate the rocket immediately (rocket / shooting subsystem).",out_of_scope,none,"printed definition transcribed (mordheimer.net / Hired Swords / Pyromaniac, https://mordheimer.net/docs/campaigns/hired-swords/grade-1c); the KB rule carried only 'Special skill option.'",the transcribed clauses belong to subsystems the current 1v1 scope excludes; no executable duel operator is admitted.,"external source read (mordheimer.net, HTTP 200) + code inspection",,hireling.hired-sword.pyromaniac,T13-F036,No repair required; keep the clause recorded as out of scope unless the governing 1v1 boundary changes.,the clause stays out of scope or a melee clause is supplied with a consumed operator.
source/catalog/hirelings/hired-swords/grade-1c.yaml/hireling.hired-sword.pyromaniac.rule.rocket-science/unclassified,catalog/hirelings/hired-swords/grade-1c.yaml,current (hash verified),NO,,Rocket Science: modify the fireworks-table roll by +1 / -1 (rocket / shooting subsystem).,out_of_scope,none,"printed definition transcribed (mordheimer.net / Hired Swords / Pyromaniac, https://mordheimer.net/docs/campaigns/hired-swords/grade-1c); the KB rule carried only 'Special skill option.'",the transcribed clauses belong to subsystems the current 1v1 scope excludes; no executable duel operator is admitted.,"external source read (mordheimer.net, HTTP 200) + code inspection",,hireling.hired-sword.pyromaniac,T13-F036,No repair required; keep the clause recorded as out of scope unless the governing 1v1 boundary changes.,the clause stays out of scope or a melee clause is supplied with a consumed operator.
source/catalog/hirelings/hired-swords/grade-1c.yaml/hireling.hired-sword.swordsmith.rule.farrier/unclassified,catalog/hirelings/hired-swords/grade-1c.yaml,current (hash verified),NO,,newly shod mounts survive a fatal fall on a 1 instead of 1-2 (mount/campaign retention).,out_of_scope,none,printed definition transcribed from the maintained external source (mordheimer.net p0 'Hired Swords / Swordsmith' https://mordheimer.net/docs/campaigns/hired-swords/grade-1c); the KB rule carried only a summary.,the transcribed clauses belong to subsystems the current 1v1 scope excludes; no executable duel operator is admitted.,"external source read (mordheimer.net, HTTP 200) + code inspection",,hireling.hired-sword.swordsmith,T13-F036,No repair required; keep the clause recorded as out of scope unless the governing 1v1 boundary changes.,the clause stays out of scope or a melee clause is supplied with a consumed operator.
source/catalog/hirelings/hired-swords/grade-1c.yaml/hireling.hired-sword.swordsmith.rule.honing/unclassified,catalog/hirelings/hired-swords/grade-1c.yaml,current (hash verified),YES,hones up to three swords giving them the Cutting Edge special rule for the next battle.,the post-battle honing service.,connection_gap,the Cutting Edge rule/operator (to be located),printed definition transcribed from the maintained external source (mordheimer.net p0 'Hired Swords / Swordsmith' https://mordheimer.net/docs/campaigns/hired-swords/grade-1c); the KB rule carried only a summary.,"an operator exists and is consumed, but the rule is not bound to it.","external source read (mordheimer.net, HTTP 200) + code inspection",a binding from honing to the Cutting Edge operator,hireling.hired-sword.swordsmith,T13-F036,Bind the rule to the existing operator listed in existing_target.,the rule is bound to a consumed operator and a semantic spec exercises it.
source/catalog/hirelings/hired-swords/grade-1c.yaml/hireling.hired-sword.swordsmith.rule.master-craftsman/unclassified,catalog/hirelings/hired-swords/grade-1c.yaml,current (hash verified),NO,,reduces the rarity of Cathayan longswords and Dragon Swords when searching (campaign trading).,out_of_scope,none,printed definition transcribed from the maintained external source (mordheimer.net p0 'Hired Swords / Swordsmith' https://mordheimer.net/docs/campaigns/hired-swords/grade-1c); the KB rule carried only a summary.,the transcribed clauses belong to subsystems the current 1v1 scope excludes; no executable duel operator is admitted.,"external source read (mordheimer.net, HTTP 200) + code inspection",,hireling.hired-sword.swordsmith,T13-F036,No repair required; keep the clause recorded as out of scope unless the governing 1v1 boundary changes.,the clause stays out of scope or a melee clause is supplied with a consumed operator.
source/catalog/hirelings/hired-swords/grade-2a.yaml/hireling.hired-sword.chaos-fury.rule.malicious/unclassified,catalog/hirelings/hired-swords/grade-2a.yaml,current (hash verified),NO,,Malicious: after taking an enemy out of action the Chaos Fury spends its next movement phase stationary torturing the victim (movement-phase behaviour).,out_of_scope,none,"printed definition transcribed (mordheimer.net / Hired Swords / Chaos Fury, https://mordheimer.net/docs/campaigns/hired-swords/grade-2a); the KB rule carried only 'Uses source malicious behaviour rule.'",the transcribed clauses belong to subsystems the current 1v1 scope excludes; no executable duel operator is admitted.,"external source read (mordheimer.net, HTTP 200) + code inspection",,hireling.hired-sword.chaos-fury,T13-F036,No repair required; keep the clause recorded as out of scope unless the governing 1v1 boundary changes.,the clause stays out of scope or a melee clause is supplied with a consumed operator.
source/catalog/hirelings/hired-swords/grade-2a.yaml/hireling.hired-sword.goblin-lantern-bearer.rule.smart/unclassified,catalog/hirelings/hired-swords/grade-2a.yaml,current (hash verified),NO,,does not suffer from animosity (group psychology).,out_of_scope,none,printed definition transcribed from the maintained external source (mordheimer.net p0 'Hired Swords / Goblin Lantern Bearer' https://mordheimer.net/docs/campaigns/hired-swords/grade-2a); the KB rule carried only a summary.,the transcribed clauses belong to subsystems the current 1v1 scope excludes; no executable duel operator is admitted.,"external source read (mordheimer.net, HTTP 200) + code inspection",,hireling.hired-sword.goblin-lantern-bearer,T13-F036,No repair required; keep the clause recorded as out of scope unless the governing 1v1 boundary changes.,the clause stays out of scope or a melee clause is supplied with a consumed operator.
source/catalog/hirelings/hired-swords/grade-2a.yaml/hireling.hired-sword.imperial-tactician.rule.expert-tactician/unclassified,catalog/hirelings/hired-swords/grade-2a.yaml,current (hash verified),NO,,up to D3+1 deployment changes after all warbands deploy (deployment).,out_of_scope,none,printed definition transcribed from the maintained external source (mordheimer.net p0 'Hired Swords / Imperial Tactician' https://mordheimer.net/docs/campaigns/hired-swords/grade-2a); the KB rule carried only a summary.,the transcribed clauses belong to subsystems the current 1v1 scope excludes; no executable duel operator is admitted.,"external source read (mordheimer.net, HTTP 200) + code inspection",,hireling.hired-sword.imperial-tactician,T13-F036,No repair required; keep the clause recorded as out of scope unless the governing 1v1 boundary changes.,the clause stays out of scope or a melee clause is supplied with a consumed operator.
source/catalog/hirelings/hired-swords/grade-2a.yaml/hireling.hired-sword.imperial-tactician.rule.read-the-battle/unclassified,catalog/hirelings/hired-swords/grade-2a.yaml,current (hash verified),NO,,automatically passes the first rout test while not out of action (group Rout).,out_of_scope,none,printed definition transcribed from the maintained external source (mordheimer.net p0 'Hired Swords / Imperial Tactician' https://mordheimer.net/docs/campaigns/hired-swords/grade-2a); the KB rule carried only a summary.,the transcribed clauses belong to subsystems the current 1v1 scope excludes; no executable duel operator is admitted.,"external source read (mordheimer.net, HTTP 200) + code inspection",,hireling.hired-sword.imperial-tactician,T13-F036,No repair required; keep the clause recorded as out of scope unless the governing 1v1 boundary changes.,the clause stays out of scope or a melee clause is supplied with a consumed operator.
source/catalog/hirelings/hired-swords/grade-2a.yaml/hireling.hired-sword.knight-of-the-white-wolf.rule.among-wolves/unclassified,catalog/hirelings/hired-swords/grade-2a.yaml,current (hash verified),NO,,upkeep is halved for a Middenheim employer (campaign upkeep).,out_of_scope,none,printed definition transcribed from the maintained external source (mordheimer.net p0 'Hired Swords / Knight of the White Wolf' https://mordheimer.net/docs/campaigns/hired-swords/grade-2a); the KB rule carried only a summary.,the transcribed clauses belong to subsystems the current 1v1 scope excludes; no executable duel operator is admitted.,"external source read (mordheimer.net, HTTP 200) + code inspection",,hireling.hired-sword.knight-of-the-white-wolf,T13-F036,No repair required; keep the clause recorded as out of scope unless the governing 1v1 boundary changes.,the clause stays out of scope or a melee clause is supplied with a consumed operator.
source/catalog/hirelings/hired-swords/grade-2a.yaml/hireling.hired-sword.knight-of-the-white-wolf.rule.pride/unclassified,catalog/hirelings/hired-swords/grade-2a.yaml,current (hash verified),YES,"may act as a Leader, letting comrades use his Leadership characteristic for Leadership tests.",his Leadership cannot be used for rout tests; the cavalry mount clause.,connection_gap,mechanic.leader-six,printed definition transcribed from the maintained external source (mordheimer.net p0 'Hired Swords / Knight of the White Wolf' https://mordheimer.net/docs/campaigns/hired-swords/grade-2a); the KB rule carried only a summary.,"an operator exists and is consumed, but the rule is not bound to it.","external source read (mordheimer.net, HTTP 200) + code inspection",a binding from pride to mechanic.leader-six,hireling.hired-sword.knight-of-the-white-wolf,T13-F036,Bind the rule to the existing operator listed in existing_target.,the rule is bound to a consumed operator and a semantic spec exercises it.
source/catalog/hirelings/hired-swords/grade-2a.yaml/hireling.hired-sword.ninja-gnoblar.rule.expert-rooftop-jumper/unclassified,catalog/hirelings/hired-swords/grade-2a.yaml,current (hash verified),NO,,"jump up to 4"" and re-roll a failed Initiative test when jumping or diving-charging (movement).",out_of_scope,none,printed definition transcribed from the maintained external source (mordheimer.net p0 'Hired Swords / Ninja Gnoblar' https://mordheimer.net/docs/campaigns/hired-swords/grade-2a); the KB rule carried only a summary.,the transcribed clauses belong to subsystems the current 1v1 scope excludes; no executable duel operator is admitted.,"external source read (mordheimer.net, HTTP 200) + code inspection",,hireling.hired-sword.ninja-gnoblar,T13-F036,No repair required; keep the clause recorded as out of scope unless the governing 1v1 boundary changes.,the clause stays out of scope or a melee clause is supplied with a consumed operator.
source/catalog/hirelings/hired-swords/grade-2a.yaml/hireling.hired-sword.swashbuckler.rule.acrobatic/unclassified,catalog/hirelings/hired-swords/grade-2a.yaml,current (hash verified),NO,,"no Initiative test when wounded within 1"" of a building edge (terrain).",out_of_scope,none,printed definition transcribed from the maintained external source (mordheimer.net p0 'Hired Swords / Swashbuckler' https://mordheimer.net/docs/campaigns/hired-swords/grade-2a); the KB rule carried only a summary.,the transcribed clauses belong to subsystems the current 1v1 scope excludes; no executable duel operator is admitted.,"external source read (mordheimer.net, HTTP 200) + code inspection",,hireling.hired-sword.swashbuckler,T13-F036,No repair required; keep the clause recorded as out of scope unless the governing 1v1 boundary changes.,the clause stays out of scope or a melee clause is supplied with a consumed operator.
source/catalog/hirelings/hired-swords/grade-2a.yaml/hireling.hired-sword.swashbuckler.rule.charismatic/unclassified,catalog/hirelings/hired-swords/grade-2a.yaml,current (hash verified),YES,"an opposite-sex opponent (Sisters of Sigmar, Amazons) must pass a Leadership test to charge him.",,implementation_missing,sex.female / sex.male facts exist; no charge-gating psychology operator,printed definition transcribed from the maintained external source (mordheimer.net p0 'Hired Swords / Swashbuckler' https://mordheimer.net/docs/campaigns/hired-swords/grade-2a); the KB rule carried only a summary.,no consumed operator realizes the admitted clause.,"external source read (mordheimer.net, HTTP 200) + code inspection",an operator gating the charge on the opponent's sex fact,hireling.hired-sword.swashbuckler,T13-F036,Implement the admitted clause with a new or promoted operator.,the admitted clause is realized by a consumed operator with a semantic spec.
source/catalog/hirelings/hired-swords/grade-2a.yaml/hireling.hired-sword.ungor-trapper.rule.just-a-twit/unclassified,catalog/hirelings/hired-swords/grade-2a.yaml,current (hash verified),NO,,Just a Twit: an Ungor Trapper taken out of action leaves the warband on a 1-3 and takes 10gc upkeep with him (post-game retention); may be discarded with the Fearless skill.,out_of_scope,none,"printed definition transcribed (mordheimer.net / Hired Swords / Ungor Trapper, https://mordheimer.net/docs/campaigns/hired-swords/grade-2a); the KB rule carried only 'Uses source limitation rule.'",the transcribed clauses belong to subsystems the current 1v1 scope excludes; no executable duel operator is admitted.,"external source read (mordheimer.net, HTTP 200) + code inspection",,hireling.hired-sword.ungor-trapper,T13-F036,No repair required; keep the clause recorded as out of scope unless the governing 1v1 boundary changes.,the clause stays out of scope or a melee clause is supplied with a consumed operator.
source/catalog/rules/special-rules.yaml/shared-rule.free-the-slaves/unclassified,catalog/rules/special-rules.yaml,current (hash verified),UNCLASSIFIED,Pit Fighters hate slavers.,will never sell captured opponents to slavers (campaign trading behaviour).,decision_required,mechanic.hatred-* operators (modular/contexts.py:97-120); no 'slaver' identity fact exists,catalog/rules/special-rules.yaml#shared-rule.free-the-slaves has no runtime block.,no operator consumes a 'slaver' identity; the printed wording does not distinguish narrative dislike from formal Hatred.,code inspection only,"the interpretation ruling: narrative dislike vs formal Hatred, and the 'slaver' opponent identity fact.",,T13-F001,Decide (coordinator) whether 'hates slavers' is formal Hatred; if so define the slaver identity fact and bind mechanic.hatred-*; keep the captive-selling clause campaign-only.,the Hatred interpretation is recorded and either bound to a consumed operator with a slaver fact or documented as narrative-only.
