id,source_file,skill_id,c_status,input_state,f073_disposition,existing_mechanic,consumer,change_made,evidence,new_audit_id,blocker
rule/catalog/general/skill.expert-swordsman/unclassified,catalog/skills/general.yaml,skill.expert-swordsman,metadata_gap,"no runtime block; audit scope YES / reviewed_source (combat), implemented UNKNOWN, binding unbound, work status needs_target_reconciliation",classified_implemented,mechanic/skill.expert-swordsman,"general.yaml->mechanic/skill.expert-swordsman (engine_option 'Expert Swordsman'; handler effect-set); fields {} consumed as {}; tag consumer hit; engine sites 3: packages/python/combat-engine/mordheim_combat/modular/contexts.py:140, packages/python/combat-engine/mordheim_combat/native/_combat_compile.py:109, packages/python/combat-engine/mordheim_combat/vectorized/_attacks.py:262","added runtime block on catalog/skills/general.yaml: scope YES, implemented YES, grant none, effect skill.expert-swordsman bound to mechanic/skill.expert-swordsman","catalog/mechanics/close-combat.yaml skills#skill.expert-swordsman and execution.yaml#skill.expert-swordsman exist; verify --structural exit 0 (1050 profiles) before and after; same-mode audit A/B (build/audit/f073/before-semantic vs after-semantic, audit_mode semantic): row rule/catalog/general/skill.expert-swordsman/unclassified -> rule/catalog/general/skill.expert-swordsman/skill.expert-swordsman (scope YES, implemented YES, binding linked, combat_work_status implemented_pending_verification) with 0 other rows changed in any field",rule/catalog/general/skill.expert-swordsman/skill.expert-swordsman,none
rule/catalog/general/skill.jump-up/unclassified,catalog/skills/general.yaml,skill.jump-up,metadata_gap,"no runtime block; audit scope YES / reviewed_source (combat), implemented UNKNOWN, binding unbound, work status needs_target_reconciliation",classified_implemented,mechanic/skill.jump-up,"general.yaml->mechanic/skill.jump-up (engine_option 'Jump Up'; handler effect-set); fields {} consumed as {}; tag consumer injury; engine sites 3: packages/python/combat-engine/mordheim_combat/modular/contexts.py:240, packages/python/combat-engine/mordheim_combat/native/_combat_compile.py:342, packages/python/combat-engine/mordheim_combat/vectorized/_attacks.py:684","added runtime block on catalog/skills/general.yaml: scope YES, implemented YES, grant none, effect skill.jump-up bound to mechanic/skill.jump-up","catalog/mechanics/close-combat.yaml skills#skill.jump-up and execution.yaml#skill.jump-up exist; verify --structural exit 0 (1050 profiles) before and after; same-mode audit A/B (build/audit/f073/before-semantic vs after-semantic, audit_mode semantic): row rule/catalog/general/skill.jump-up/unclassified -> rule/catalog/general/skill.jump-up/skill.jump-up (scope YES, implemented YES, binding linked, combat_work_status implemented_pending_verification) with 0 other rows changed in any field",rule/catalog/general/skill.jump-up/skill.jump-up,none
rule/catalog/general/skill.lightning-reflexes/unclassified,catalog/skills/general.yaml,skill.lightning-reflexes,metadata_gap,"no runtime block; audit scope YES / reviewed_source (combat), implemented UNKNOWN, binding unbound, work status needs_target_reconciliation",classified_implemented,mechanic/skill.lightning-reflexes,"general.yaml->mechanic/skill.lightning-reflexes (engine_option 'Lightning Reflexes'; handler effect-set); fields {} consumed as {}; tag consumer priority; engine sites 3: packages/python/combat-engine/mordheim_combat/phases.py:140, packages/python/combat-engine/mordheim_combat/native/_combat_compile.py:393, packages/python/combat-engine/mordheim_combat/vectorized/_operators.py:401","added runtime block on catalog/skills/general.yaml: scope YES, implemented YES, grant none, effect skill.lightning-reflexes bound to mechanic/skill.lightning-reflexes","catalog/mechanics/close-combat.yaml skills#skill.lightning-reflexes and execution.yaml#skill.lightning-reflexes exist; verify --structural exit 0 (1050 profiles) before and after; same-mode audit A/B (build/audit/f073/before-semantic vs after-semantic, audit_mode semantic): row rule/catalog/general/skill.lightning-reflexes/unclassified -> rule/catalog/general/skill.lightning-reflexes/skill.lightning-reflexes (scope YES, implemented YES, binding linked, combat_work_status implemented_pending_verification) with 0 other rows changed in any field",rule/catalog/general/skill.lightning-reflexes/skill.lightning-reflexes,none
rule/catalog/general/skill.mighty-blow/unclassified,catalog/skills/general.yaml,skill.mighty-blow,metadata_gap,"no runtime block; audit scope YES / reviewed_source (combat), implemented UNKNOWN, binding unbound, work status needs_target_reconciliation",classified_implemented,mechanic/skill.mighty-blow,"The printed pistol exception remains in scope and is already honored: both pistol mechanics have fixed Strength 4; modular contexts._attack_strength ignores the global Strength bonus for those fixed-strength attacks, while the melee hand receives +1 Strength.","Added runtime scope YES / implemented YES / grant none with the existing mechanic; removed the incorrectly excluded extra clause. The printed pistol exception remains in scope and is already honored: both pistol mechanics have fixed Strength 4; modular contexts._attack_strength ignores the global Strength bonus for those fixed-strength attacks, while the melee hand receives +1 Strength.","catalog/mechanics/close-combat.yaml skills#skill.mighty-blow and execution.yaml#skill.mighty-blow exist; verify --structural exit 0 (1050 profiles) before and after; same-mode audit A/B (build/audit/f073/before-semantic vs after-semantic, audit_mode semantic): row rule/catalog/general/skill.mighty-blow/unclassified -> rule/catalog/general/skill.mighty-blow/skill.mighty-blow (scope YES, implemented YES, binding linked, combat_work_status implemented_pending_verification) with 0 other rows changed in any field; coordinator correction: maintained tests/python/knowledge/test_t13_f073_skill_runtime.py::test_mighty_blow_excludes_both_pistols_but_bonuses_the_melee_hand passed against the real compiler/consumer; classification regression also covers the absence of the false NO effect.",rule/catalog/general/skill.mighty-blow/skill.mighty-blow,none; the formerly excluded clause is covered by the existing consumer
rule/catalog/general/skill.resilient/unclassified,catalog/skills/general.yaml,skill.resilient,metadata_gap,"no runtime block; audit scope YES / reviewed_source (combat), implemented UNKNOWN, binding unbound, work status needs_target_reconciliation",classified_implemented,mechanic/skill.resilient,general.yaml->mechanic/skill.resilient (engine_option 'Resilient'; handler effect-set); fields {'incoming_strength_modifier': -1} consumed as {'incoming_strength_modifier': 'wound'}; tag consumer not tag-only; engine sites 1: packages/python/roster-construction/mordheim_construction/_eligibility.js:971,"added runtime block on catalog/skills/general.yaml: scope YES, implemented YES, grant none, effect skill.resilient bound to mechanic/skill.resilient","catalog/mechanics/close-combat.yaml skills#skill.resilient and execution.yaml#skill.resilient exist; verify --structural exit 0 (1050 profiles) before and after; same-mode audit A/B (build/audit/f073/before-semantic vs after-semantic, audit_mode semantic): row rule/catalog/general/skill.resilient/unclassified -> rule/catalog/general/skill.resilient/skill.resilient (scope YES, implemented YES, binding linked, combat_work_status implemented_pending_verification) with 0 other rows changed in any field",rule/catalog/general/skill.resilient/skill.resilient,none
rule/catalog/general/skill.step-aside/unclassified,catalog/skills/general.yaml,skill.step-aside,metadata_gap,"no runtime block; audit scope YES / reviewed_source (combat), implemented UNKNOWN, binding unbound, work status needs_target_reconciliation",classified_implemented,mechanic/skill.step-aside,general.yaml->mechanic/skill.step-aside (engine_option 'Step Aside'; handler effect-set); fields {'step_aside': True} consumed as {'step_aside': 'special-save'}; tag consumer not tag-only; engine sites 1: packages/python/roster-construction/mordheim_construction/_eligibility.js:996,"added runtime block on catalog/skills/general.yaml: scope YES, implemented YES, grant none, effect skill.step-aside bound to mechanic/skill.step-aside","catalog/mechanics/close-combat.yaml skills#skill.step-aside and execution.yaml#skill.step-aside exist; verify --structural exit 0 (1050 profiles) before and after; same-mode audit A/B (build/audit/f073/before-semantic vs after-semantic, audit_mode semantic): row rule/catalog/general/skill.step-aside/unclassified -> rule/catalog/general/skill.step-aside/skill.step-aside (scope YES, implemented YES, binding linked, combat_work_status implemented_pending_verification) with 0 other rows changed in any field",rule/catalog/general/skill.step-aside/skill.step-aside,none
rule/catalog/general/skill.strike-to-injure/unclassified,catalog/skills/general.yaml,skill.strike-to-injure,metadata_gap,"no runtime block; audit scope YES / reviewed_source (combat), implemented UNKNOWN, binding unbound, work status needs_target_reconciliation",classified_implemented,mechanic/skill.strike-to-injure,general.yaml->mechanic/skill.strike-to-injure (engine_option 'Strike to Injure'; handler effect-set); fields {'injury_modifier': 1} consumed as {'injury_modifier': 'injury'}; tag consumer not tag-only; engine sites 0: ,"added runtime block on catalog/skills/general.yaml: scope YES, implemented YES, grant none, effect skill.strike-to-injure bound to mechanic/skill.strike-to-injure","catalog/mechanics/close-combat.yaml skills#skill.strike-to-injure and execution.yaml#skill.strike-to-injure exist; verify --structural exit 0 (1050 profiles) before and after; same-mode audit A/B (build/audit/f073/before-semantic vs after-semantic, audit_mode semantic): row rule/catalog/general/skill.strike-to-injure/unclassified -> rule/catalog/general/skill.strike-to-injure/skill.strike-to-injure (scope YES, implemented YES, binding linked, combat_work_status implemented_pending_verification) with 0 other rows changed in any field",rule/catalog/general/skill.strike-to-injure/skill.strike-to-injure,none
rule/catalog/general/skill.strongman/unclassified,catalog/skills/general.yaml,skill.strongman,metadata_gap,"no runtime block; audit scope YES / reviewed_source (combat), implemented UNKNOWN, binding unbound, work status needs_target_reconciliation",classified_implemented,mechanic/skill.strongman,general.yaml->mechanic/skill.strongman (engine_option 'Strongman'; handler effect-set); fields {'strongman': True} consumed as {'strongman': 'priority'}; tag consumer not tag-only; engine sites 0: ,"added runtime block on catalog/skills/general.yaml: scope YES, implemented YES, grant none, effect skill.strongman bound to mechanic/skill.strongman","catalog/mechanics/close-combat.yaml skills#skill.strongman and execution.yaml#skill.strongman exist; verify --structural exit 0 (1050 profiles) before and after; same-mode audit A/B (build/audit/f073/before-semantic vs after-semantic, audit_mode semantic): row rule/catalog/general/skill.strongman/unclassified -> rule/catalog/general/skill.strongman/skill.strongman (scope YES, implemented YES, binding linked, combat_work_status implemented_pending_verification) with 0 other rows changed in any field",rule/catalog/general/skill.strongman/skill.strongman,none
rule/catalog/general/skill.unstoppable-charge/unclassified,catalog/skills/general.yaml,skill.unstoppable-charge,metadata_gap,"no runtime block; audit scope YES / reviewed_source (combat), implemented UNKNOWN, binding unbound, work status needs_target_reconciliation",classified_implemented,mechanic/skill.unstoppable-charge,general.yaml->mechanic/skill.unstoppable-charge (engine_option 'Unstoppable Charge'; handler effect-set); fields {'charge_ws_bonus': 1} consumed as {'charge_ws_bonus': 'hit'}; tag consumer not tag-only; engine sites 0: ,"added runtime block on catalog/skills/general.yaml: scope YES, implemented YES, grant none, effect skill.unstoppable-charge bound to mechanic/skill.unstoppable-charge","catalog/mechanics/close-combat.yaml skills#skill.unstoppable-charge and execution.yaml#skill.unstoppable-charge exist; verify --structural exit 0 (1050 profiles) before and after; same-mode audit A/B (build/audit/f073/before-semantic vs after-semantic, audit_mode semantic): row rule/catalog/general/skill.unstoppable-charge/unclassified -> rule/catalog/general/skill.unstoppable-charge/skill.unstoppable-charge (scope YES, implemented YES, binding linked, combat_work_status implemented_pending_verification) with 0 other rows changed in any field",rule/catalog/general/skill.unstoppable-charge/skill.unstoppable-charge,none
rule/catalog/general/skill.web-of-steel/unclassified,catalog/skills/general.yaml,skill.web-of-steel,metadata_gap,"no runtime block; audit scope YES / reviewed_source (combat), implemented UNKNOWN, binding unbound, work status needs_target_reconciliation",classified_implemented,mechanic/skill.web-of-steel,"general.yaml->mechanic/skill.web-of-steel (engine_option 'Web of Steel'; handler effect-set); fields {} consumed as {}; tag consumer injury; engine sites 3: packages/python/combat-engine/mordheim_combat/modular/attacks.py:352, packages/python/combat-engine/mordheim_combat/native/_combat_compile.py:207, packages/python/combat-engine/mordheim_combat/vectorized/_attacks.py:565","added runtime block on catalog/skills/general.yaml: scope YES, implemented YES, grant none, effect skill.web-of-steel bound to mechanic/skill.web-of-steel","catalog/mechanics/close-combat.yaml skills#skill.web-of-steel and execution.yaml#skill.web-of-steel exist; verify --structural exit 0 (1050 profiles) before and after; same-mode audit A/B (build/audit/f073/before-semantic vs after-semantic, audit_mode semantic): row rule/catalog/general/skill.web-of-steel/unclassified -> rule/catalog/general/skill.web-of-steel/skill.web-of-steel (scope YES, implemented YES, binding linked, combat_work_status implemented_pending_verification) with 0 other rows changed in any field",rule/catalog/general/skill.web-of-steel/skill.web-of-steel,none
rule/catalog/warband/skill.always-strikes-first/unclassified,catalog/skills/warband.yaml,skill.always-strikes-first,metadata_gap,"no runtime block; audit scope YES / reviewed_source (combat), implemented UNKNOWN, binding unbound, work status needs_target_reconciliation",classified_implemented,mechanic/skill.always-strikes-first,"warband.yaml->mechanic/skill.always-strikes-first (engine_option 'Always Strikes First'; handler effect-set); fields {'priority': 1} consumed as {'priority': 'priority'}; tag consumer not tag-only; engine sites 4: packages/python/combat-engine/mordheim_combat/phases.py:144, packages/python/combat-engine/mordheim_combat/native/_combat_compile.py:394, packages/python/combat-engine/mordheim_combat/native/_combat_compile.py:442","added runtime block on catalog/skills/warband.yaml: scope YES, implemented YES, grant none, effect skill.always-strikes-first bound to mechanic/skill.always-strikes-first","catalog/mechanics/close-combat.yaml skills#skill.always-strikes-first and execution.yaml#skill.always-strikes-first exist; verify --structural exit 0 (1050 profiles) before and after; same-mode audit A/B (build/audit/f073/before-semantic vs after-semantic, audit_mode semantic): row rule/catalog/warband/skill.always-strikes-first/unclassified -> rule/catalog/warband/skill.always-strikes-first/skill.always-strikes-first (scope YES, implemented YES, binding linked, combat_work_status implemented_pending_verification) with 0 other rows changed in any field",rule/catalog/warband/skill.always-strikes-first/skill.always-strikes-first,none
rule/catalog/warband/skill.axe-expert/unclassified,catalog/skills/warband.yaml,skill.axe-expert,metadata_gap,"no runtime block; audit scope YES / reviewed_source (combat), implemented UNKNOWN, binding unbound, work status needs_target_reconciliation",classified_implemented,mechanic/skill.axe-expert,"warband.yaml->mechanic/skill.axe-expert (engine_option 'Axe Expert'; handler effect-set); fields {} consumed as {}; tag consumer hit; engine sites 3: packages/python/combat-engine/mordheim_combat/modular/contexts.py:137, packages/python/combat-engine/mordheim_combat/native/_combat_compile.py:105, packages/python/combat-engine/mordheim_combat/vectorized/_attacks.py:260","added runtime block on catalog/skills/warband.yaml: scope YES, implemented YES, grant none, effect skill.axe-expert bound to mechanic/skill.axe-expert","catalog/mechanics/close-combat.yaml skills#skill.axe-expert and execution.yaml#skill.axe-expert exist; verify --structural exit 0 (1050 profiles) before and after; same-mode audit A/B (build/audit/f073/before-semantic vs after-semantic, audit_mode semantic): row rule/catalog/warband/skill.axe-expert/unclassified -> rule/catalog/warband/skill.axe-expert/skill.axe-expert (scope YES, implemented YES, binding linked, combat_work_status implemented_pending_verification) with 0 other rows changed in any field",rule/catalog/warband/skill.axe-expert/skill.axe-expert,none
rule/catalog/warband/skill.axe-master/unclassified,catalog/skills/warband.yaml,skill.axe-master,metadata_gap,"no runtime block; audit scope YES / reviewed_source (combat), implemented UNKNOWN, binding unbound, work status needs_target_reconciliation",classified_implemented,mechanic/skill.axe-master,"warband.yaml->mechanic/skill.axe-master (engine_option 'Axe Master'; handler effect-set); fields {} consumed as {}; tag consumer parry; engine sites 4: packages/python/combat-engine/mordheim_combat/modular/state.py:122, packages/python/combat-engine/mordheim_combat/native/_combat_compile.py:252, packages/python/combat-engine/mordheim_combat/vectorized/_attacks.py:58","added runtime block on catalog/skills/warband.yaml: scope YES, implemented YES, grant none, effect skill.axe-master bound to mechanic/skill.axe-master","catalog/mechanics/close-combat.yaml skills#skill.axe-master and execution.yaml#skill.axe-master exist; verify --structural exit 0 (1050 profiles) before and after; same-mode audit A/B (build/audit/f073/before-semantic vs after-semantic, audit_mode semantic): row rule/catalog/warband/skill.axe-master/unclassified -> rule/catalog/warband/skill.axe-master/skill.axe-master (scope YES, implemented YES, binding linked, combat_work_status implemented_pending_verification) with 0 other rows changed in any field",rule/catalog/warband/skill.axe-master/skill.axe-master,none
rule/catalog/warband/skill.bellowing-battle-roar/unclassified,catalog/skills/warband.yaml,skill.bellowing-battle-roar,metadata_gap,"no runtime block; audit scope YES / reviewed_source (combat), implemented UNKNOWN, binding unbound, work status needs_target_reconciliation",classified_implemented,mechanic/skill.bellowing-battle-roar,"warband.yaml->mechanic/skill.bellowing-battle-roar (engine_option 'Bellowing Battle Roar'; handler effect-set); fields {} consumed as {}; tag consumer hit; engine sites 3: packages/python/combat-engine/mordheim_combat/modular/contexts.py:293, packages/python/combat-engine/mordheim_combat/native/_combat_compile.py:155, packages/python/combat-engine/mordheim_combat/vectorized/_attacks.py:217","added runtime block on catalog/skills/warband.yaml: scope YES, implemented YES, grant none, effect skill.bellowing-battle-roar bound to mechanic/skill.bellowing-battle-roar","catalog/mechanics/close-combat.yaml skills#skill.bellowing-battle-roar and execution.yaml#skill.bellowing-battle-roar exist; verify --structural exit 0 (1050 profiles) before and after; same-mode audit A/B (build/audit/f073/before-semantic vs after-semantic, audit_mode semantic): row rule/catalog/warband/skill.bellowing-battle-roar/unclassified -> rule/catalog/warband/skill.bellowing-battle-roar/skill.bellowing-battle-roar (scope YES, implemented YES, binding linked, combat_work_status implemented_pending_verification) with 0 other rows changed in any field",rule/catalog/warband/skill.bellowing-battle-roar/skill.bellowing-battle-roar,none
rule/catalog/warband/skill.berserker/unclassified,catalog/skills/warband.yaml,skill.berserker,metadata_gap,"no runtime block; audit scope YES / reviewed_source (combat), implemented UNKNOWN, binding unbound, work status needs_target_reconciliation",classified_implemented,mechanic/skill.berserker,"warband.yaml->mechanic/skill.berserker (engine_option 'Berserker'; handler effect-set); fields {} consumed as {}; tag consumer hit; engine sites 3: packages/python/combat-engine/mordheim_combat/modular/contexts.py:291, packages/python/combat-engine/mordheim_combat/native/_combat_compile.py:149, packages/python/combat-engine/mordheim_combat/vectorized/_attacks.py:222","added runtime block on catalog/skills/warband.yaml: scope YES, implemented YES, grant none, effect skill.berserker bound to mechanic/skill.berserker","catalog/mechanics/close-combat.yaml skills#skill.berserker and execution.yaml#skill.berserker exist; verify --structural exit 0 (1050 profiles) before and after; same-mode audit A/B (build/audit/f073/before-semantic vs after-semantic, audit_mode semantic): row rule/catalog/warband/skill.berserker/unclassified -> rule/catalog/warband/skill.berserker/skill.berserker (scope YES, implemented YES, binding linked, combat_work_status implemented_pending_verification) with 0 other rows changed in any field",rule/catalog/warband/skill.berserker/skill.berserker,none
rule/catalog/warband/skill.crushing-blow/unclassified,catalog/skills/warband.yaml,skill.crushing-blow,metadata_gap,"no runtime block; audit scope YES / reviewed_source (combat), implemented UNKNOWN, binding unbound, work status needs_target_reconciliation",classified_implemented,mechanic/skill.crushing-blow,warband.yaml->mechanic/skill.crushing-blow (engine_option 'Crushing Blow'; handler effect-set); fields {'cannot_be_parried': True} consumed as {'cannot_be_parried': 'parry'}; tag consumer not tag-only; engine sites 0: ,"added runtime block on catalog/skills/warband.yaml: scope YES, implemented YES, grant none, effect skill.crushing-blow bound to mechanic/skill.crushing-blow","catalog/mechanics/close-combat.yaml skills#skill.crushing-blow and execution.yaml#skill.crushing-blow exist; verify --structural exit 0 (1050 profiles) before and after; same-mode audit A/B (build/audit/f073/before-semantic vs after-semantic, audit_mode semantic): row rule/catalog/warband/skill.crushing-blow/unclassified -> rule/catalog/warband/skill.crushing-blow/skill.crushing-blow (scope YES, implemented YES, binding linked, combat_work_status implemented_pending_verification) with 0 other rows changed in any field",rule/catalog/warband/skill.crushing-blow/skill.crushing-blow,none
rule/catalog/warband/skill.defensive-stance/unclassified,catalog/skills/warband.yaml,skill.defensive-stance,metadata_gap,"no runtime block; audit scope YES / reviewed_source (combat), implemented UNKNOWN, binding unbound, work status needs_target_reconciliation",classified_implemented,mechanic/skill.defensive-stance,"warband.yaml->mechanic/skill.defensive-stance (engine_option 'Defensive Stance'; handler effect-set); fields {'parry': True} consumed as {'parry': 'parry'}; tag consumer not tag-only; engine sites 3: packages/python/combat-engine/mordheim_combat/modular/contexts.py:170, packages/python/combat-engine/mordheim_combat/native/_combat_compile.py:277, packages/python/combat-engine/mordheim_combat/vectorized/_attacks.py:93","added runtime block on catalog/skills/warband.yaml: scope YES, implemented YES, grant none, effect skill.defensive-stance bound to mechanic/skill.defensive-stance","catalog/mechanics/close-combat.yaml skills#skill.defensive-stance and execution.yaml#skill.defensive-stance exist; verify --structural exit 0 (1050 profiles) before and after; same-mode audit A/B (build/audit/f073/before-semantic vs after-semantic, audit_mode semantic): row rule/catalog/warband/skill.defensive-stance/unclassified -> rule/catalog/warband/skill.defensive-stance/skill.defensive-stance (scope YES, implemented YES, binding linked, combat_work_status implemented_pending_verification) with 0 other rows changed in any field",rule/catalog/warband/skill.defensive-stance/skill.defensive-stance,none
rule/catalog/warband/skill.elven-agility/unclassified,catalog/skills/warband.yaml,skill.elven-agility,metadata_gap,"no runtime block; audit scope YES / reviewed_source (combat), implemented UNKNOWN, binding unbound, work status needs_target_reconciliation",classified_implemented,mechanic/skill.elven-agility,"warband.yaml->mechanic/skill.elven-agility (engine_option 'Elven Agility'; handler effect-set); fields {'ward_save': 6} consumed as {'ward_save': 'special-save'}; tag consumer not tag-only; engine sites 2: packages/python/combat-engine/mordheim_combat/modular/contexts.py:334, packages/python/combat-engine/mordheim_combat/vectorized/_operators.py:66","added runtime block on catalog/skills/warband.yaml: scope YES, implemented YES, grant none, effect skill.elven-agility bound to mechanic/skill.elven-agility","catalog/mechanics/close-combat.yaml skills#skill.elven-agility and execution.yaml#skill.elven-agility exist; verify --structural exit 0 (1050 profiles) before and after; same-mode audit A/B (build/audit/f073/before-semantic vs after-semantic, audit_mode semantic): row rule/catalog/warband/skill.elven-agility/unclassified -> rule/catalog/warband/skill.elven-agility/skill.elven-agility (scope YES, implemented YES, binding linked, combat_work_status implemented_pending_verification) with 0 other rows changed in any field",rule/catalog/warband/skill.elven-agility/skill.elven-agility,none
rule/catalog/warband/skill.expert-fighter/unclassified,catalog/skills/warband.yaml,skill.expert-fighter,metadata_gap,"no runtime block; audit scope YES / reviewed_source (combat), implemented UNKNOWN, binding unbound, work status needs_target_reconciliation",classified_implemented,mechanic/skill.expert-fighter,warband.yaml->mechanic/skill.expert-fighter (engine_option 'Expert Fighter'; handler effect-set); fields {'wound_modifier': 1} consumed as {'wound_modifier': 'wound'}; tag consumer not tag-only; engine sites 0: ,"added runtime block on catalog/skills/warband.yaml: scope YES, implemented YES, grant none, effect skill.expert-fighter bound to mechanic/skill.expert-fighter","catalog/mechanics/close-combat.yaml skills#skill.expert-fighter and execution.yaml#skill.expert-fighter exist; verify --structural exit 0 (1050 profiles) before and after; same-mode audit A/B (build/audit/f073/before-semantic vs after-semantic, audit_mode semantic): row rule/catalog/warband/skill.expert-fighter/unclassified -> rule/catalog/warband/skill.expert-fighter/skill.expert-fighter (scope YES, implemented YES, binding linked, combat_work_status implemented_pending_verification) with 0 other rows changed in any field",rule/catalog/warband/skill.expert-fighter/skill.expert-fighter,none
rule/catalog/warband/skill.ferocious-charge/unclassified,catalog/skills/warband.yaml,skill.ferocious-charge,metadata_gap,"no runtime block; audit scope YES / reviewed_source (combat), implemented UNKNOWN, binding unbound, work status needs_target_reconciliation",classified_implemented,mechanic/skill.ferocious-charge,"warband.yaml->mechanic/skill.ferocious-charge (engine_option 'Ferocious Charge'; handler effect-set); fields {} consumed as {}; tag consumer attacks-hit; engine sites 7: packages/python/combat-engine/mordheim_combat/phases.py:224, packages/python/combat-engine/mordheim_combat/modular/contexts.py:292, packages/python/combat-engine/mordheim_combat/native/_combat_compile.py:150","added runtime block on catalog/skills/warband.yaml: scope YES, implemented YES, grant none, effect skill.ferocious-charge bound to mechanic/skill.ferocious-charge","catalog/mechanics/close-combat.yaml skills#skill.ferocious-charge and execution.yaml#skill.ferocious-charge exist; verify --structural exit 0 (1050 profiles) before and after; same-mode audit A/B (build/audit/f073/before-semantic vs after-semantic, audit_mode semantic): row rule/catalog/warband/skill.ferocious-charge/unclassified -> rule/catalog/warband/skill.ferocious-charge/skill.ferocious-charge (scope YES, implemented YES, binding linked, combat_work_status implemented_pending_verification) with 0 other rows changed in any field",rule/catalog/warband/skill.ferocious-charge/skill.ferocious-charge,none
rule/catalog/warband/skill.hard-to-kill/unclassified,catalog/skills/warband.yaml,skill.hard-to-kill,metadata_gap,"no runtime block; audit scope YES / reviewed_source (combat), implemented UNKNOWN, binding unbound, work status needs_target_reconciliation",classified_implemented,mechanic/skill.hard-to-kill,"warband.yaml->mechanic/skill.hard-to-kill (engine_option 'Hard to Kill'; handler effect-set); fields {'out_of_action_threshold': 6} consumed as {'out_of_action_threshold': 'injury'}; tag consumer not tag-only; engine sites 3: packages/python/combat-engine/mordheim_combat/modular/contexts.py:223, packages/python/combat-engine/mordheim_combat/native/_combat_compile.py:335, packages/python/combat-engine/mordheim_combat/vectorized/_attacks.py:676","added runtime block on catalog/skills/warband.yaml: scope YES, implemented YES, grant none, effect skill.hard-to-kill bound to mechanic/skill.hard-to-kill","catalog/mechanics/close-combat.yaml skills#skill.hard-to-kill and execution.yaml#skill.hard-to-kill exist; verify --structural exit 0 (1050 profiles) before and after; same-mode audit A/B (build/audit/f073/before-semantic vs after-semantic, audit_mode semantic): row rule/catalog/warband/skill.hard-to-kill/unclassified -> rule/catalog/warband/skill.hard-to-kill/skill.hard-to-kill (scope YES, implemented YES, binding linked, combat_work_status implemented_pending_verification) with 0 other rows changed in any field",rule/catalog/warband/skill.hard-to-kill/skill.hard-to-kill,none
rule/catalog/warband/skill.hardy-constitution/unclassified,catalog/skills/warband.yaml,skill.hardy-constitution,metadata_gap,"no runtime block; audit scope YES / reviewed_source (combat), implemented UNKNOWN, binding unbound, work status needs_target_reconciliation",classified_implemented,mechanic/skill.hardy-constitution,"warband.yaml->mechanic/skill.hardy-constitution (engine_option 'Hardy Constitution'; handler effect-set); fields {} consumed as {}; tag consumer critical; engine sites 3: packages/python/combat-engine/mordheim_combat/modular/attacks.py:343, packages/python/combat-engine/mordheim_combat/native/_combat_compile.py:185, packages/python/combat-engine/mordheim_combat/vectorized/_attacks.py:557","added runtime block on catalog/skills/warband.yaml: scope YES, implemented YES, grant none, effect skill.hardy-constitution bound to mechanic/skill.hardy-constitution","catalog/mechanics/close-combat.yaml skills#skill.hardy-constitution and execution.yaml#skill.hardy-constitution exist; verify --structural exit 0 (1050 profiles) before and after; same-mode audit A/B (build/audit/f073/before-semantic vs after-semantic, audit_mode semantic): row rule/catalog/warband/skill.hardy-constitution/unclassified -> rule/catalog/warband/skill.hardy-constitution/skill.hardy-constitution (scope YES, implemented YES, binding linked, combat_work_status implemented_pending_verification) with 0 other rows changed in any field",rule/catalog/warband/skill.hardy-constitution/skill.hardy-constitution,none
rule/catalog/warband/skill.head-crusher/unclassified,catalog/skills/warband.yaml,skill.head-crusher,metadata_gap,"no runtime block; audit scope YES / reviewed_source (combat), implemented UNKNOWN, binding unbound, work status needs_target_reconciliation",classified_implemented,mechanic/skill.head-crusher,"warband.yaml->mechanic/skill.head-crusher (engine_option 'Head Crusher'; handler effect-set); fields {} consumed as {}; tag consumer injury; engine sites 3: packages/python/combat-engine/mordheim_combat/modular/contexts.py:237, packages/python/combat-engine/mordheim_combat/native/_combat_compile.py:211, packages/python/combat-engine/mordheim_combat/vectorized/_attacks.py:682","added runtime block on catalog/skills/warband.yaml: scope YES, implemented YES, grant none, effect skill.head-crusher bound to mechanic/skill.head-crusher","catalog/mechanics/close-combat.yaml skills#skill.head-crusher and execution.yaml#skill.head-crusher exist; verify --structural exit 0 (1050 profiles) before and after; same-mode audit A/B (build/audit/f073/before-semantic vs after-semantic, audit_mode semantic): row rule/catalog/warband/skill.head-crusher/unclassified -> rule/catalog/warband/skill.head-crusher/skill.head-crusher (scope YES, implemented YES, binding linked, combat_work_status implemented_pending_verification) with 0 other rows changed in any field",rule/catalog/warband/skill.head-crusher/skill.head-crusher,none
rule/catalog/warband/skill.ignore-pain/unclassified,catalog/skills/warband.yaml,skill.ignore-pain,metadata_gap,"no runtime block; audit scope YES / reviewed_source (combat), implemented UNKNOWN, binding unbound, work status needs_target_reconciliation",classified_implemented,mechanic/skill.ignore-pain,The Resilient prerequisite remains in construction scope and is enforced by shared eligibility selectedRuleIssue for band--clan-pestilens-special-skills-ignore-pain; the catalog grant stays none.,Added runtime scope YES / implemented YES / grant none with the existing mechanic; removed the incorrectly excluded extra clause. The Resilient prerequisite remains in construction scope and is enforced by shared eligibility selectedRuleIssue for band--clan-pestilens-special-skills-ignore-pain; the catalog grant stays none.,"catalog/mechanics/close-combat.yaml skills#skill.ignore-pain and execution.yaml#skill.ignore-pain exist; verify --structural exit 0 (1050 profiles) before and after; same-mode audit A/B (build/audit/f073/before-semantic vs after-semantic, audit_mode semantic): row rule/catalog/warband/skill.ignore-pain/unclassified -> rule/catalog/warband/skill.ignore-pain/skill.ignore-pain (scope YES, implemented YES, binding linked, combat_work_status implemented_pending_verification) with 0 other rows changed in any field; coordinator correction: maintained tests/python/knowledge/test_t13_f073_skill_runtime.py::test_ignore_pain_prerequisite_is_covered_by_shared_construction passed against the real compiler/consumer; classification regression also covers the absence of the false NO effect.",rule/catalog/warband/skill.ignore-pain/skill.ignore-pain,none; the formerly excluded clause is covered by the existing consumer
rule/catalog/warband/skill.infallible/unclassified,catalog/skills/warband.yaml,skill.infallible,metadata_gap,"no runtime block; audit scope YES / reviewed_source (combat), implemented UNKNOWN, binding unbound, work status needs_target_reconciliation",classified_implemented,mechanic/skill.infallible,"warband.yaml->mechanic/skill.infallible (engine_option 'Infallible'; handler effect-set); fields {} consumed as {}; tag consumer hit; engine sites 3: packages/python/combat-engine/mordheim_combat/modular/contexts.py:136, packages/python/combat-engine/mordheim_combat/native/_combat_compile.py:164, packages/python/combat-engine/mordheim_combat/vectorized/_attacks.py:258","added runtime block on catalog/skills/warband.yaml: scope YES, implemented YES, grant none, effect skill.infallible bound to mechanic/skill.infallible","catalog/mechanics/close-combat.yaml skills#skill.infallible and execution.yaml#skill.infallible exist; verify --structural exit 0 (1050 profiles) before and after; same-mode audit A/B (build/audit/f073/before-semantic vs after-semantic, audit_mode semantic): row rule/catalog/warband/skill.infallible/unclassified -> rule/catalog/warband/skill.infallible/skill.infallible (scope YES, implemented YES, binding linked, combat_work_status implemented_pending_verification) with 0 other rows changed in any field",rule/catalog/warband/skill.infallible/skill.infallible,none
rule/catalog/warband/skill.infinite-hatred/unclassified,catalog/skills/warband.yaml,skill.infinite-hatred,metadata_gap,"no runtime block; audit scope YES / reviewed_source (combat), implemented UNKNOWN, binding unbound, work status needs_target_reconciliation",classified_implemented,mechanic/skill.infinite-hatred,warband.yaml->mechanic/skill.infinite-hatred (engine_option 'Infinite Hatred'; handler effect-set); fields {'reroll_hits': True} consumed as {'reroll_hits': 'hit'}; tag consumer not tag-only; engine sites 0: ,"added runtime block on catalog/skills/warband.yaml: scope YES, implemented YES, grant none, effect skill.infinite-hatred bound to mechanic/skill.infinite-hatred","catalog/mechanics/close-combat.yaml skills#skill.infinite-hatred and execution.yaml#skill.infinite-hatred exist; verify --structural exit 0 (1050 profiles) before and after; same-mode audit A/B (build/audit/f073/before-semantic vs after-semantic, audit_mode semantic): row rule/catalog/warband/skill.infinite-hatred/unclassified -> rule/catalog/warband/skill.infinite-hatred/skill.infinite-hatred (scope YES, implemented YES, binding linked, combat_work_status implemented_pending_verification) with 0 other rows changed in any field",rule/catalog/warband/skill.infinite-hatred/skill.infinite-hatred,none
rule/catalog/warband/skill.inspiring-sermon/unclassified,catalog/skills/warband.yaml,skill.inspiring-sermon,metadata_gap,"no runtime block; audit scope YES / reviewed_source (combat), implemented UNKNOWN, binding unbound, work status needs_target_reconciliation",classified_implemented,mechanic/skill.inspiring-sermon,"warband.yaml->mechanic/skill.inspiring-sermon (engine_option 'Inspiring Sermon'; handler effect-set); fields {} consumed as {}; tag consumer attacks; engine sites 3: packages/python/combat-engine/mordheim_combat/phases.py:217, packages/python/combat-engine/mordheim_combat/native/_combat_compile.py:413, packages/python/combat-engine/mordheim_combat/vectorized/_operators.py:264","added runtime block on catalog/skills/warband.yaml: scope YES, implemented YES, grant none, effect skill.inspiring-sermon bound to mechanic/skill.inspiring-sermon","catalog/mechanics/close-combat.yaml skills#skill.inspiring-sermon and execution.yaml#skill.inspiring-sermon exist; verify --structural exit 0 (1050 profiles) before and after; same-mode audit A/B (build/audit/f073/before-semantic vs after-semantic, audit_mode semantic): row rule/catalog/warband/skill.inspiring-sermon/unclassified -> rule/catalog/warband/skill.inspiring-sermon/skill.inspiring-sermon (scope YES, implemented YES, binding linked, combat_work_status implemented_pending_verification) with 0 other rows changed in any field",rule/catalog/warband/skill.inspiring-sermon/skill.inspiring-sermon,none
rule/catalog/warband/skill.iron-sinews/unclassified,catalog/skills/warband.yaml,skill.iron-sinews,metadata_gap,"no runtime block; audit scope YES / reviewed_source (combat), implemented UNKNOWN, binding unbound, work status needs_target_reconciliation",classified_implemented_with_out_of_scope_clause,mechanic/skill.iron-sinews,warband.yaml->mechanic/skill.iron-sinews (engine_option 'Iron Sinews'; handler effect-set); fields {'strength_bonus': 1} consumed as {'strength_bonus': 'wound'}; tag consumer not tag-only; engine sites 0: ,"added runtime block on catalog/skills/warband.yaml: scope YES, implemented YES, grant none, effect skill.iron-sinews bound to mechanic/skill.iron-sinews; plus explicit NO effect unimplemented.skill.iron-sinews.characteristic-maximum for the printed clause outside the duel runtime","catalog/mechanics/close-combat.yaml skills#skill.iron-sinews and execution.yaml#skill.iron-sinews exist; verify --structural exit 0 (1050 profiles) before and after; same-mode audit A/B (build/audit/f073/before-semantic vs after-semantic, audit_mode semantic): row rule/catalog/warband/skill.iron-sinews/unclassified -> rule/catalog/warband/skill.iron-sinews/skill.iron-sinews (scope YES, implemented YES, binding linked, combat_work_status implemented_pending_verification) with 0 other rows changed in any field",rule/catalog/warband/skill.iron-sinews/skill.iron-sinews,none; printed clause outside the duel runtime: Out of scope: exempting the bonus from the warrior's characteristic maximum is an advancement rule; the duel runtime resolves the +1 Strength only.
rule/catalog/warband/skill.knife-fighting/unclassified,catalog/skills/warband.yaml,skill.knife-fighting,metadata_gap,"no runtime block; audit scope YES / reviewed_source (combat), implemented UNKNOWN, binding unbound, work status needs_target_reconciliation",classified_implemented,mechanic/skill.knife-fighting,"warband.yaml->mechanic/skill.knife-fighting (engine_option 'Knife Fighting'; handler effect-set); fields {} consumed as {}; tag consumer hit-injury; engine sites 5: packages/python/combat-engine/mordheim_combat/modular/contexts.py:216, packages/python/combat-engine/mordheim_combat/modular/contexts.py:286, packages/python/combat-engine/mordheim_combat/native/_combat_compile.py:83","added runtime block on catalog/skills/warband.yaml: scope YES, implemented YES, grant none, effect skill.knife-fighting bound to mechanic/skill.knife-fighting","catalog/mechanics/close-combat.yaml skills#skill.knife-fighting and execution.yaml#skill.knife-fighting exist; verify --structural exit 0 (1050 profiles) before and after; same-mode audit A/B (build/audit/f073/before-semantic vs after-semantic, audit_mode semantic): row rule/catalog/warband/skill.knife-fighting/unclassified -> rule/catalog/warband/skill.knife-fighting/skill.knife-fighting (scope YES, implemented YES, binding linked, combat_work_status implemented_pending_verification) with 0 other rows changed in any field",rule/catalog/warband/skill.knife-fighting/skill.knife-fighting,none
rule/catalog/warband/skill.luck/unclassified,catalog/skills/warband.yaml,skill.luck,metadata_gap,"no runtime block; audit scope YES / reviewed_source (combat), implemented UNKNOWN, binding unbound, work status needs_target_reconciliation",classified_implemented,mechanic/skill.luck,"warband.yaml->mechanic/skill.luck (engine_option 'Luck'; handler effect-set); fields {} consumed as {}; tag consumer hit-wound-armour-resource; engine sites 10: packages/python/combat-engine/mordheim_combat/modular/attacks.py:131, packages/python/combat-engine/mordheim_combat/modular/attacks.py:317, packages/python/combat-engine/mordheim_combat/modular/attacks.py:381","added runtime block on catalog/skills/warband.yaml: scope YES, implemented YES, grant none, effect skill.luck bound to mechanic/skill.luck","catalog/mechanics/close-combat.yaml skills#skill.luck and execution.yaml#skill.luck exist; verify --structural exit 0 (1050 profiles) before and after; same-mode audit A/B (build/audit/f073/before-semantic vs after-semantic, audit_mode semantic): row rule/catalog/warband/skill.luck/unclassified -> rule/catalog/warband/skill.luck/skill.luck (scope YES, implemented YES, binding linked, combat_work_status implemented_pending_verification) with 0 other rows changed in any field",rule/catalog/warband/skill.luck/skill.luck,none
rule/catalog/warband/skill.mighty-biceps/unclassified,catalog/skills/warband.yaml,skill.mighty-biceps,metadata_gap,"no runtime block; audit scope YES / reviewed_source (combat), implemented UNKNOWN, binding unbound, work status needs_target_reconciliation",classified_implemented,mechanic/skill.mighty-biceps,"warband.yaml->mechanic/skill.mighty-biceps (engine_option 'Mighty Biceps'; handler effect-set); fields {} consumed as {}; tag consumer wound; engine sites 3: packages/python/combat-engine/mordheim_combat/modular/contexts.py:51, packages/python/combat-engine/mordheim_combat/native/_combat_compile.py:142, packages/python/combat-engine/mordheim_combat/vectorized/_attacks.py:187","added runtime block on catalog/skills/warband.yaml: scope YES, implemented YES, grant none, effect skill.mighty-biceps bound to mechanic/skill.mighty-biceps","catalog/mechanics/close-combat.yaml skills#skill.mighty-biceps and execution.yaml#skill.mighty-biceps exist; verify --structural exit 0 (1050 profiles) before and after; same-mode audit A/B (build/audit/f073/before-semantic vs after-semantic, audit_mode semantic): row rule/catalog/warband/skill.mighty-biceps/unclassified -> rule/catalog/warband/skill.mighty-biceps/skill.mighty-biceps (scope YES, implemented YES, binding linked, combat_work_status implemented_pending_verification) with 0 other rows changed in any field",rule/catalog/warband/skill.mighty-biceps/skill.mighty-biceps,none
rule/catalog/warband/skill.miniath/unclassified,catalog/skills/warband.yaml,skill.miniath,metadata_gap,"no runtime block; audit scope YES / reviewed_source (combat), implemented UNKNOWN, binding unbound, work status needs_target_reconciliation",classified_implemented,mechanic/skill.miniath,"warband.yaml->mechanic/skill.miniath (engine_option 'Miniath'; handler effect-set); fields {} consumed as {}; tag consumer parry; engine sites 7: packages/python/combat-engine/mordheim_combat/modular/contexts.py:179, packages/python/combat-engine/mordheim_combat/modular/state.py:121, packages/python/combat-engine/mordheim_combat/native/_combat_compile.py:249","added runtime block on catalog/skills/warband.yaml: scope YES, implemented YES, grant none, effect skill.miniath bound to mechanic/skill.miniath","catalog/mechanics/close-combat.yaml skills#skill.miniath and execution.yaml#skill.miniath exist; verify --structural exit 0 (1050 profiles) before and after; same-mode audit A/B (build/audit/f073/before-semantic vs after-semantic, audit_mode semantic): row rule/catalog/warband/skill.miniath/unclassified -> rule/catalog/warband/skill.miniath/skill.miniath (scope YES, implemented YES, binding linked, combat_work_status implemented_pending_verification) with 0 other rows changed in any field",rule/catalog/warband/skill.miniath/skill.miniath,none
rule/catalog/warband/skill.monster-slayer/unclassified,catalog/skills/warband.yaml,skill.monster-slayer,metadata_gap,"no runtime block; audit scope YES / reviewed_source (combat), implemented UNKNOWN, binding unbound, work status needs_target_reconciliation",classified_implemented,mechanic/skill.monster-slayer,"warband.yaml->mechanic/skill.monster-slayer (engine_option 'Monster Slayer'; handler effect-set); fields {} consumed as {}; tag consumer wound; engine sites 6: packages/python/combat-engine/mordheim_combat/modular/contexts.py:382, packages/python/combat-engine/mordheim_combat/modular/contexts.py:431, packages/python/combat-engine/mordheim_combat/native/_combat_compile.py:179","added runtime block on catalog/skills/warband.yaml: scope YES, implemented YES, grant none, effect skill.monster-slayer bound to mechanic/skill.monster-slayer","catalog/mechanics/close-combat.yaml skills#skill.monster-slayer and execution.yaml#skill.monster-slayer exist; verify --structural exit 0 (1050 profiles) before and after; same-mode audit A/B (build/audit/f073/before-semantic vs after-semantic, audit_mode semantic): row rule/catalog/warband/skill.monster-slayer/unclassified -> rule/catalog/warband/skill.monster-slayer/skill.monster-slayer (scope YES, implemented YES, binding linked, combat_work_status implemented_pending_verification) with 0 other rows changed in any field",rule/catalog/warband/skill.monster-slayer/skill.monster-slayer,none
rule/catalog/warband/skill.monstrous/unclassified,catalog/skills/warband.yaml,skill.monstrous,metadata_gap,"no runtime block; audit scope YES / reviewed_source (combat), implemented UNKNOWN, binding unbound, work status needs_target_reconciliation",classified_implemented,mechanic/skill.monstrous,"warband.yaml->mechanic/skill.monstrous (engine_option 'Monstrous'; handler effect-set); fields {} consumed as {}; tag consumer duel-start; engine sites 4: packages/python/combat-engine/mordheim_combat/modular/aftermath.py:76, packages/python/combat-engine/mordheim_combat/modular/state.py:190, packages/python/combat-engine/mordheim_combat/native/_combat_compile.py:448","added runtime block on catalog/skills/warband.yaml: scope YES, implemented YES, grant none, effect skill.monstrous bound to mechanic/skill.monstrous","catalog/mechanics/close-combat.yaml skills#skill.monstrous and execution.yaml#skill.monstrous exist; verify --structural exit 0 (1050 profiles) before and after; same-mode audit A/B (build/audit/f073/before-semantic vs after-semantic, audit_mode semantic): row rule/catalog/warband/skill.monstrous/unclassified -> rule/catalog/warband/skill.monstrous/skill.monstrous (scope YES, implemented YES, binding linked, combat_work_status implemented_pending_verification) with 0 other rows changed in any field",rule/catalog/warband/skill.monstrous/skill.monstrous,none
rule/catalog/warband/skill.red-fury/unclassified,catalog/skills/warband.yaml,skill.red-fury,metadata_gap,"no runtime block; audit scope YES / reviewed_source (combat), implemented UNKNOWN, binding unbound, work status needs_target_reconciliation",classified_implemented_with_out_of_scope_clause,mechanic/skill.red-fury,warband.yaml->mechanic/skill.red-fury (engine_option 'Red Fury'; handler effect-set); fields {'attacks_bonus': 1} consumed as {'attacks_bonus': 'attacks'}; tag consumer not tag-only; engine sites 0: ,"added runtime block on catalog/skills/warband.yaml: scope YES, implemented YES, grant none, effect skill.red-fury bound to mechanic/skill.red-fury; plus explicit NO effect unimplemented.skill.red-fury.characteristic-maximum for the printed clause outside the duel runtime","catalog/mechanics/close-combat.yaml skills#skill.red-fury and execution.yaml#skill.red-fury exist; verify --structural exit 0 (1050 profiles) before and after; same-mode audit A/B (build/audit/f073/before-semantic vs after-semantic, audit_mode semantic): row rule/catalog/warband/skill.red-fury/unclassified -> rule/catalog/warband/skill.red-fury/skill.red-fury (scope YES, implemented YES, binding linked, combat_work_status implemented_pending_verification) with 0 other rows changed in any field",rule/catalog/warband/skill.red-fury/skill.red-fury,none; printed clause outside the duel runtime: Out of scope: exempting the bonus from the warrior's characteristic maximum is an advancement rule; the duel runtime resolves the +1 Attack only.
rule/catalog/warband/skill.regeneration/unclassified,catalog/skills/warband.yaml,skill.regeneration,metadata_gap,"no runtime block; audit scope YES / reviewed_source (combat), implemented UNKNOWN, binding unbound, work status needs_target_reconciliation",classified_implemented,mechanic/skill.regeneration,"warband.yaml->mechanic/skill.regeneration (engine_option 'Regeneration'; handler effect-set); fields {'regeneration_save': 4, 'regeneration_blocked_by_fire': True} consumed as {'regeneration_save': 'special-save', 'regeneration_blocked_by_fire': 'special-save'}; tag consumer not tag-only; engine sites 0: ","added runtime block on catalog/skills/warband.yaml: scope YES, implemented YES, grant none, effect skill.regeneration bound to mechanic/skill.regeneration","catalog/mechanics/close-combat.yaml skills#skill.regeneration and execution.yaml#skill.regeneration exist; verify --structural exit 0 (1050 profiles) before and after; same-mode audit A/B (build/audit/f073/before-semantic vs after-semantic, audit_mode semantic): row rule/catalog/warband/skill.regeneration/unclassified -> rule/catalog/warband/skill.regeneration/skill.regeneration (scope YES, implemented YES, binding linked, combat_work_status implemented_pending_verification) with 0 other rows changed in any field",rule/catalog/warband/skill.regeneration/skill.regeneration,none
rule/catalog/warband/skill.shield-mastery/unclassified,catalog/skills/warband.yaml,skill.shield-mastery,metadata_gap,"no runtime block; audit scope YES / reviewed_source (combat), implemented UNKNOWN, binding unbound, work status needs_target_reconciliation",classified_implemented,mechanic/skill.shield-mastery,"warband.yaml->mechanic/skill.shield-mastery (engine_option 'Shield Mastery'; handler effect-set); fields {} consumed as {}; tag consumer parry; engine sites 4: packages/python/combat-engine/mordheim_combat/modular/state.py:127, packages/python/combat-engine/mordheim_combat/native/_combat_compile.py:256, packages/python/combat-engine/mordheim_combat/vectorized/_attacks.py:62","added runtime block on catalog/skills/warband.yaml: scope YES, implemented YES, grant none, effect skill.shield-mastery bound to mechanic/skill.shield-mastery","catalog/mechanics/close-combat.yaml skills#skill.shield-mastery and execution.yaml#skill.shield-mastery exist; verify --structural exit 0 (1050 profiles) before and after; same-mode audit A/B (build/audit/f073/before-semantic vs after-semantic, audit_mode semantic): row rule/catalog/warband/skill.shield-mastery/unclassified -> rule/catalog/warband/skill.shield-mastery/skill.shield-mastery (scope YES, implemented YES, binding linked, combat_work_status implemented_pending_verification) with 0 other rows changed in any field",rule/catalog/warband/skill.shield-mastery/skill.shield-mastery,none
rule/catalog/warband/skill.shield-strike/unclassified,catalog/skills/warband.yaml,skill.shield-strike,metadata_gap,"no runtime block; audit scope YES / reviewed_source (combat), implemented UNKNOWN, binding unbound, work status needs_target_reconciliation",classified_implemented,mechanic/skill.shield-strike,warband.yaml->mechanic/skill.shield-strike (engine_option 'Shield Strike'; handler effect-set); fields {} consumed as {}; tag consumer attacks; engine sites 1: packages/python/roster-construction/mordheim_construction/compiler.py:611,"added runtime block on catalog/skills/warband.yaml: scope YES, implemented YES, grant none, effect skill.shield-strike bound to mechanic/skill.shield-strike","catalog/mechanics/close-combat.yaml skills#skill.shield-strike and execution.yaml#skill.shield-strike exist; verify --structural exit 0 (1050 profiles) before and after; same-mode audit A/B (build/audit/f073/before-semantic vs after-semantic, audit_mode semantic): row rule/catalog/warband/skill.shield-strike/unclassified -> rule/catalog/warband/skill.shield-strike/skill.shield-strike (scope YES, implemented YES, binding linked, combat_work_status implemented_pending_verification) with 0 other rows changed in any field",rule/catalog/warband/skill.shield-strike/skill.shield-strike,none
rule/catalog/warband/skill.sigmar-s-sign/unclassified,catalog/skills/warband.yaml,skill.sigmar-s-sign,metadata_gap,"no runtime block; audit scope YES / reviewed_source (combat), implemented UNKNOWN, binding unbound, work status needs_target_reconciliation",classified_implemented,mechanic/skill.sigmar-s-sign,"warband.yaml->mechanic/skill.sigmar-s-sign (engine_option ""Sigmar's Sign""; handler effect-set); fields {} consumed as {}; tag consumer attacks; engine sites 5: packages/python/combat-engine/mordheim_combat/modular/rounds.py:789, packages/python/combat-engine/mordheim_combat/native/_combat_compile.py:371, packages/python/combat-engine/mordheim_combat/vectorized/_driver.py:329","added runtime block on catalog/skills/warband.yaml: scope YES, implemented YES, grant none, effect skill.sigmar-s-sign bound to mechanic/skill.sigmar-s-sign","catalog/mechanics/close-combat.yaml skills#skill.sigmar-s-sign and execution.yaml#skill.sigmar-s-sign exist; verify --structural exit 0 (1050 profiles) before and after; same-mode audit A/B (build/audit/f073/before-semantic vs after-semantic, audit_mode semantic): row rule/catalog/warband/skill.sigmar-s-sign/unclassified -> rule/catalog/warband/skill.sigmar-s-sign/skill.sigmar-s-sign (scope YES, implemented YES, binding linked, combat_work_status implemented_pending_verification) with 0 other rows changed in any field",rule/catalog/warband/skill.sigmar-s-sign/skill.sigmar-s-sign,none
rule/catalog/warband/skill.strength-of-steel/unclassified,catalog/skills/warband.yaml,skill.strength-of-steel,metadata_gap,"no runtime block; audit scope YES / reviewed_source (combat), implemented UNKNOWN, binding unbound, work status needs_target_reconciliation",classified_implemented_with_out_of_scope_clause,mechanic/skill.strength-of-steel,warband.yaml->mechanic/skill.strength-of-steel (engine_option 'Strength of Steel'; handler effect-set); fields {'charge_strength_bonus': 1} consumed as {'charge_strength_bonus': 'wound'}; tag consumer not tag-only; engine sites 0: ,"added runtime block on catalog/skills/warband.yaml: scope YES, implemented YES, grant none, effect skill.strength-of-steel bound to mechanic/skill.strength-of-steel; plus explicit NO effect unimplemented.skill.strength-of-steel.characteristic-maximum for the printed clause outside the duel runtime","catalog/mechanics/close-combat.yaml skills#skill.strength-of-steel and execution.yaml#skill.strength-of-steel exist; verify --structural exit 0 (1050 profiles) before and after; same-mode audit A/B (build/audit/f073/before-semantic vs after-semantic, audit_mode semantic): row rule/catalog/warband/skill.strength-of-steel/unclassified -> rule/catalog/warband/skill.strength-of-steel/skill.strength-of-steel (scope YES, implemented YES, binding linked, combat_work_status implemented_pending_verification) with 0 other rows changed in any field",rule/catalog/warband/skill.strength-of-steel/skill.strength-of-steel,none; printed clause outside the duel runtime: Out of scope: exempting the bonus from the warrior's characteristic maximum is an advancement rule; the duel runtime resolves the charge Strength bonus only.
rule/catalog/warband/skill.sure-strike/unclassified,catalog/skills/warband.yaml,skill.sure-strike,metadata_gap,"no runtime block; audit scope YES / reviewed_source (combat), implemented UNKNOWN, binding unbound, work status needs_target_reconciliation",classified_implemented,mechanic/skill.sure-strike,warband.yaml->mechanic/skill.sure-strike (engine_option 'Sure Strike'; handler effect-set); fields {'reroll_wounds': True} consumed as {'reroll_wounds': 'wound'}; tag consumer not tag-only; engine sites 0: ,"added runtime block on catalog/skills/warband.yaml: scope YES, implemented YES, grant none, effect skill.sure-strike bound to mechanic/skill.sure-strike","catalog/mechanics/close-combat.yaml skills#skill.sure-strike and execution.yaml#skill.sure-strike exist; verify --structural exit 0 (1050 profiles) before and after; same-mode audit A/B (build/audit/f073/before-semantic vs after-semantic, audit_mode semantic): row rule/catalog/warband/skill.sure-strike/unclassified -> rule/catalog/warband/skill.sure-strike/skill.sure-strike (scope YES, implemented YES, binding linked, combat_work_status implemented_pending_verification) with 0 other rows changed in any field",rule/catalog/warband/skill.sure-strike/skill.sure-strike,none
rule/catalog/warband/skill.sweep/unclassified,catalog/skills/warband.yaml,skill.sweep,metadata_gap,"no runtime block; audit scope YES / reviewed_source (combat), implemented UNKNOWN, binding unbound, work status needs_target_reconciliation",classified_implemented,mechanic/skill.sweep,"warband.yaml->mechanic/skill.sweep (engine_option 'Sweep'; handler effect-set); fields {} consumed as {}; tag consumer attacks-hit; engine sites 7: packages/python/combat-engine/mordheim_combat/phases.py:234, packages/python/combat-engine/mordheim_combat/modular/attacks.py:135, packages/python/combat-engine/mordheim_combat/modular/attacks.py:157","added runtime block on catalog/skills/warband.yaml: scope YES, implemented YES, grant none, effect skill.sweep bound to mechanic/skill.sweep","catalog/mechanics/close-combat.yaml skills#skill.sweep and execution.yaml#skill.sweep exist; verify --structural exit 0 (1050 profiles) before and after; same-mode audit A/B (build/audit/f073/before-semantic vs after-semantic, audit_mode semantic): row rule/catalog/warband/skill.sweep/unclassified -> rule/catalog/warband/skill.sweep/skill.sweep (scope YES, implemented YES, binding linked, combat_work_status implemented_pending_verification) with 0 other rows changed in any field",rule/catalog/warband/skill.sweep/skill.sweep,none
rule/catalog/warband/skill.sword-master/unclassified,catalog/skills/warband.yaml,skill.sword-master,metadata_gap,"no runtime block; audit scope YES / reviewed_source (combat), implemented UNKNOWN, binding unbound, work status needs_target_reconciliation",classified_implemented,mechanic/skill.sword-master,"warband.yaml->mechanic/skill.sword-master (engine_option 'Sword Master'; handler effect-set); fields {} consumed as {}; tag consumer parry; engine sites 6: packages/python/combat-engine/mordheim_combat/modular/contexts.py:168, packages/python/combat-engine/mordheim_combat/modular/contexts.py:191, packages/python/combat-engine/mordheim_combat/native/_combat_compile.py:269","added runtime block on catalog/skills/warband.yaml: scope YES, implemented YES, grant none, effect skill.sword-master bound to mechanic/skill.sword-master","catalog/mechanics/close-combat.yaml skills#skill.sword-master and execution.yaml#skill.sword-master exist; verify --structural exit 0 (1050 profiles) before and after; same-mode audit A/B (build/audit/f073/before-semantic vs after-semantic, audit_mode semantic): row rule/catalog/warband/skill.sword-master/unclassified -> rule/catalog/warband/skill.sword-master/skill.sword-master (scope YES, implemented YES, binding linked, combat_work_status implemented_pending_verification) with 0 other rows changed in any field",rule/catalog/warband/skill.sword-master/skill.sword-master,none
rule/catalog/warband/skill.thick-skull/unclassified,catalog/skills/warband.yaml,skill.thick-skull,metadata_gap,"no runtime block; audit scope YES / reviewed_source (combat), implemented UNKNOWN, binding unbound, work status needs_target_reconciliation",classified_implemented,mechanic/skill.thick-skull,warband.yaml->mechanic/skill.thick-skull (engine_option 'Thick Skull'; handler effect-set); fields {'thick_skull': True} consumed as {'thick_skull': 'injury'}; tag consumer not tag-only; engine sites 0: ,"added runtime block on catalog/skills/warband.yaml: scope YES, implemented YES, grant none, effect skill.thick-skull bound to mechanic/skill.thick-skull","catalog/mechanics/close-combat.yaml skills#skill.thick-skull and execution.yaml#skill.thick-skull exist; verify --structural exit 0 (1050 profiles) before and after; same-mode audit A/B (build/audit/f073/before-semantic vs after-semantic, audit_mode semantic): row rule/catalog/warband/skill.thick-skull/unclassified -> rule/catalog/warband/skill.thick-skull/skill.thick-skull (scope YES, implemented YES, binding linked, combat_work_status implemented_pending_verification) with 0 other rows changed in any field",rule/catalog/warband/skill.thick-skull/skill.thick-skull,none
rule/catalog/warband/skill.tireless/unclassified,catalog/skills/warband.yaml,skill.tireless,metadata_gap,"no runtime block; audit scope YES / reviewed_source (combat), implemented UNKNOWN, binding unbound, work status needs_target_reconciliation",classified_implemented,mechanic/skill.tireless,"warband.yaml->mechanic/skill.tireless (engine_option 'Tireless'; handler effect-set); fields {} consumed as {}; tag consumer wound; engine sites 3: packages/python/combat-engine/mordheim_combat/modular/contexts.py:51, packages/python/combat-engine/mordheim_combat/native/_combat_compile.py:142, packages/python/combat-engine/mordheim_combat/vectorized/_attacks.py:187","added runtime block on catalog/skills/warband.yaml: scope YES, implemented YES, grant none, effect skill.tireless bound to mechanic/skill.tireless","catalog/mechanics/close-combat.yaml skills#skill.tireless and execution.yaml#skill.tireless exist; verify --structural exit 0 (1050 profiles) before and after; same-mode audit A/B (build/audit/f073/before-semantic vs after-semantic, audit_mode semantic): row rule/catalog/warband/skill.tireless/unclassified -> rule/catalog/warband/skill.tireless/skill.tireless (scope YES, implemented YES, binding linked, combat_work_status implemented_pending_verification) with 0 other rows changed in any field",rule/catalog/warband/skill.tireless/skill.tireless,none
rule/catalog/warband/skill.tough-as-steel/unclassified,catalog/skills/warband.yaml,skill.tough-as-steel,metadata_gap,"no runtime block; audit scope YES / reviewed_source (combat), implemented UNKNOWN, binding unbound, work status needs_target_reconciliation",classified_implemented,mechanic/skill.tough-as-steel,"warband.yaml->mechanic/skill.tough-as-steel (engine_option 'Tough as Steel'; handler effect-set); fields {'out_of_action_threshold': 6} consumed as {'out_of_action_threshold': 'injury'}; tag consumer not tag-only; engine sites 4: packages/python/combat-engine/mordheim_combat/modular/contexts.py:226, packages/python/combat-engine/mordheim_combat/native/_combat_compile.py:335, packages/python/combat-engine/mordheim_combat/native/_combat_compile.py:337","added runtime block on catalog/skills/warband.yaml: scope YES, implemented YES, grant none, effect skill.tough-as-steel bound to mechanic/skill.tough-as-steel","catalog/mechanics/close-combat.yaml skills#skill.tough-as-steel and execution.yaml#skill.tough-as-steel exist; verify --structural exit 0 (1050 profiles) before and after; same-mode audit A/B (build/audit/f073/before-semantic vs after-semantic, audit_mode semantic): row rule/catalog/warband/skill.tough-as-steel/unclassified -> rule/catalog/warband/skill.tough-as-steel/skill.tough-as-steel (scope YES, implemented YES, binding linked, combat_work_status implemented_pending_verification) with 0 other rows changed in any field",rule/catalog/warband/skill.tough-as-steel/skill.tough-as-steel,none
rule/catalog/warband/skill.unarmed-fighting/unclassified,catalog/skills/warband.yaml,skill.unarmed-fighting,metadata_gap,"no runtime block; audit scope YES / reviewed_source (combat), implemented UNKNOWN, binding unbound, work status needs_target_reconciliation",classified_implemented,mechanic/skill.unarmed-fighting,"warband.yaml->mechanic/skill.unarmed-fighting (engine_option 'Unarmed Fighting'; handler effect-set); fields {} consumed as {}; tag consumer attacks-wound-armour; engine sites 5: packages/python/combat-engine/mordheim_combat/phases.py:45, packages/python/combat-engine/mordheim_combat/phases.py:210, packages/python/combat-engine/mordheim_combat/native/_combat_compile.py:407","added runtime block on catalog/skills/warband.yaml: scope YES, implemented YES, grant none, effect skill.unarmed-fighting bound to mechanic/skill.unarmed-fighting","catalog/mechanics/close-combat.yaml skills#skill.unarmed-fighting and execution.yaml#skill.unarmed-fighting exist; verify --structural exit 0 (1050 profiles) before and after; same-mode audit A/B (build/audit/f073/before-semantic vs after-semantic, audit_mode semantic): row rule/catalog/warband/skill.unarmed-fighting/unclassified -> rule/catalog/warband/skill.unarmed-fighting/skill.unarmed-fighting (scope YES, implemented YES, binding linked, combat_work_status implemented_pending_verification) with 0 other rows changed in any field",rule/catalog/warband/skill.unarmed-fighting/skill.unarmed-fighting,none
rule/catalog/warband/skill.unbeatable-warrior/unclassified,catalog/skills/warband.yaml,skill.unbeatable-warrior,metadata_gap,"no runtime block; audit scope YES / reviewed_source (combat), implemented UNKNOWN, binding unbound, work status needs_target_reconciliation",classified_implemented,mechanic/skill.unbeatable-warrior,"warband.yaml->mechanic/skill.unbeatable-warrior (engine_option 'Unbeatable Warrior'; handler effect-set); fields {} consumed as {}; tag consumer parry-resource; engine sites 5: packages/python/combat-engine/mordheim_combat/modular/contexts.py:168, packages/python/combat-engine/mordheim_combat/modular/state.py:131, packages/python/combat-engine/mordheim_combat/native/_combat_compile.py:277","added runtime block on catalog/skills/warband.yaml: scope YES, implemented YES, grant none, effect skill.unbeatable-warrior bound to mechanic/skill.unbeatable-warrior","catalog/mechanics/close-combat.yaml skills#skill.unbeatable-warrior and execution.yaml#skill.unbeatable-warrior exist; verify --structural exit 0 (1050 profiles) before and after; same-mode audit A/B (build/audit/f073/before-semantic vs after-semantic, audit_mode semantic): row rule/catalog/warband/skill.unbeatable-warrior/unclassified -> rule/catalog/warband/skill.unbeatable-warrior/skill.unbeatable-warrior (scope YES, implemented YES, binding linked, combat_work_status implemented_pending_verification) with 0 other rows changed in any field",rule/catalog/warband/skill.unbeatable-warrior/skill.unbeatable-warrior,none
rule/catalog/warband/skill.vampire-reflexes/unclassified,catalog/skills/warband.yaml,skill.vampire-reflexes,metadata_gap,"no runtime block; audit scope YES / reviewed_source (combat), implemented UNKNOWN, binding unbound, work status needs_target_reconciliation",classified_implemented,mechanic/skill.vampire-reflexes,"warband.yaml->mechanic/skill.vampire-reflexes (engine_option 'Vampire Reflexes'; handler effect-set); fields {'ward_save': 6} consumed as {'ward_save': 'special-save'}; tag consumer not tag-only; engine sites 2: packages/python/combat-engine/mordheim_combat/modular/contexts.py:333, packages/python/combat-engine/mordheim_combat/vectorized/_operators.py:65","added runtime block on catalog/skills/warband.yaml: scope YES, implemented YES, grant none, effect skill.vampire-reflexes bound to mechanic/skill.vampire-reflexes","catalog/mechanics/close-combat.yaml skills#skill.vampire-reflexes and execution.yaml#skill.vampire-reflexes exist; verify --structural exit 0 (1050 profiles) before and after; same-mode audit A/B (build/audit/f073/before-semantic vs after-semantic, audit_mode semantic): row rule/catalog/warband/skill.vampire-reflexes/unclassified -> rule/catalog/warband/skill.vampire-reflexes/skill.vampire-reflexes (scope YES, implemented YES, binding linked, combat_work_status implemented_pending_verification) with 0 other rows changed in any field",rule/catalog/warband/skill.vampire-reflexes/skill.vampire-reflexes,none
rule/catalog/warband/skill.virtue-of-valour/unclassified,catalog/skills/warband.yaml,skill.virtue-of-valour,metadata_gap,"no runtime block; audit scope YES / reviewed_source (combat), implemented UNKNOWN, binding unbound, work status needs_target_reconciliation",classified_implemented,mechanic/skill.virtue-of-valour,"warband.yaml->mechanic/skill.virtue-of-valour (engine_option 'Virtue of Valour'; handler effect-set); fields {} consumed as {}; tag consumer hit; engine sites 3: packages/python/combat-engine/mordheim_combat/modular/contexts.py:155, packages/python/combat-engine/mordheim_combat/native/_combat_compile.py:173, packages/python/combat-engine/mordheim_combat/vectorized/_attacks.py:281","added runtime block on catalog/skills/warband.yaml: scope YES, implemented YES, grant none, effect skill.virtue-of-valour bound to mechanic/skill.virtue-of-valour","catalog/mechanics/close-combat.yaml skills#skill.virtue-of-valour and execution.yaml#skill.virtue-of-valour exist; verify --structural exit 0 (1050 profiles) before and after; same-mode audit A/B (build/audit/f073/before-semantic vs after-semantic, audit_mode semantic): row rule/catalog/warband/skill.virtue-of-valour/unclassified -> rule/catalog/warband/skill.virtue-of-valour/skill.virtue-of-valour (scope YES, implemented YES, binding linked, combat_work_status implemented_pending_verification) with 0 other rows changed in any field",rule/catalog/warband/skill.virtue-of-valour/skill.virtue-of-valour,none
rule/catalog/warband/skill.weapons-of-the-north/unclassified,catalog/skills/warband.yaml,skill.weapons-of-the-north,metadata_gap,"no runtime block; audit scope YES / reviewed_source (combat), implemented UNKNOWN, binding unbound, work status needs_target_reconciliation",classified_implemented,mechanic/skill.weapons-of-the-north,"warband.yaml->mechanic/skill.weapons-of-the-north (engine_option 'Weapons of the North'; handler effect-set); fields {} consumed as {}; tag consumer hit; engine sites 3: packages/python/combat-engine/mordheim_combat/modular/contexts.py:149, packages/python/combat-engine/mordheim_combat/native/_combat_compile.py:101, packages/python/combat-engine/mordheim_combat/vectorized/_attacks.py:268","added runtime block on catalog/skills/warband.yaml: scope YES, implemented YES, grant none, effect skill.weapons-of-the-north bound to mechanic/skill.weapons-of-the-north","catalog/mechanics/close-combat.yaml skills#skill.weapons-of-the-north and execution.yaml#skill.weapons-of-the-north exist; verify --structural exit 0 (1050 profiles) before and after; same-mode audit A/B (build/audit/f073/before-semantic vs after-semantic, audit_mode semantic): row rule/catalog/warband/skill.weapons-of-the-north/unclassified -> rule/catalog/warband/skill.weapons-of-the-north/skill.weapons-of-the-north (scope YES, implemented YES, binding linked, combat_work_status implemented_pending_verification) with 0 other rows changed in any field",rule/catalog/warband/skill.weapons-of-the-north/skill.weapons-of-the-north,none
rule/catalog/warband/skill.chosen-of-the-white-tower/unclassified,catalog/skills/warband.yaml,skill.chosen-of-the-white-tower,connection_gap,"no runtime block; audit scope YES / reviewed_source (combat), implemented UNKNOWN, binding unbound, work status needs_target_reconciliation",blocked_no_operator_decision_required,none; C candidate target: skill.defensive-stance (parry with any weapon) + the resolution.yaml parry reroll,no mechanic id is compiled for this record; the parry/ward operators exist but are not bound here,none,"C-combat-results.csv row rule/catalog/warband/skill.chosen-of-the-white-tower/unclassified is connection_gap, not metadata_gap: catalog/mechanics/close-combat.yaml has no skill family row for skill.chosen-of-the-white-tower and execution.yaml has no contract row; the C candidate target names a separate catalogue skill, and no runtime block in catalog/skills/*.yaml binds an effect to a mechanic of another id, so a binding here would introduce the first alias. The audit still reports the row as scope YES / needs_target_reconciliation after F073.",rule/catalog/warband/skill.chosen-of-the-white-tower/unclassified,an explicit equivalence decision (or a new mechanic) is missing; F073 must not invent an operator from a name match
rule/catalog/warband/skill.fey-quickness/unclassified,catalog/skills/warband.yaml,skill.fey-quickness,connection_gap,"no runtime block; audit scope YES / reviewed_source (combat), implemented UNKNOWN, binding unbound, work status needs_target_reconciliation",blocked_no_operator_decision_required,"none; C candidate target: skill.elven-agility (6+ ward, 4+ with Step Aside/Dodge)",no mechanic id is compiled for this record; the parry/ward operators exist but are not bound here,none,"C-combat-results.csv row rule/catalog/warband/skill.fey-quickness/unclassified is connection_gap, not metadata_gap: catalog/mechanics/close-combat.yaml has no skill family row for skill.fey-quickness and execution.yaml has no contract row; the C candidate target names a separate catalogue skill, and no runtime block in catalog/skills/*.yaml binds an effect to a mechanic of another id, so a binding here would introduce the first alias. The audit still reports the row as scope YES / needs_target_reconciliation after F073.",rule/catalog/warband/skill.fey-quickness/unclassified,an explicit equivalence decision (or a new mechanic) is missing; F073 must not invent an operator from a name match
rule/catalog/warband/skill.instinctive-warrior/unclassified,catalog/skills/warband.yaml,skill.instinctive-warrior,connection_gap,"no runtime block; audit scope YES / reviewed_source (combat), implemented UNKNOWN, binding unbound, work status needs_target_reconciliation",blocked_no_operator_decision_required,none; C candidate target: skill.defensive-stance (parry: true),no mechanic id is compiled for this record; the parry/ward operators exist but are not bound here,none,"C-combat-results.csv row rule/catalog/warband/skill.instinctive-warrior/unclassified is connection_gap, not metadata_gap: catalog/mechanics/close-combat.yaml has no skill family row for skill.instinctive-warrior and execution.yaml has no contract row; the C candidate target names a separate catalogue skill, and no runtime block in catalog/skills/*.yaml binds an effect to a mechanic of another id, so a binding here would introduce the first alias. The audit still reports the row as scope YES / needs_target_reconciliation after F073.",rule/catalog/warband/skill.instinctive-warrior/unclassified,an explicit equivalence decision (or a new mechanic) is missing; F073 must not invent an operator from a name match
rule/catalog/warband/skill.fey/unclassified,catalog/skills/warband.yaml,skill.fey,not_in_C (no operator proposed),"no runtime block; audit scope NO / reviewed_source (magic), implemented UNKNOWN, work status excluded",excluded_by_source_review,none,the maintained source review already excludes the record; no duel consumer exists,none,T13-audit-scope-review.csv classifies the entry outside the duel runtime; the audit reports scope NO / excluded for it,rule/catalog/warband/skill.fey/unclassified,"none: excluded by the reviewed source scope, not a metadata gap"
rule/catalog/warband/skill.magic-resistant/unclassified,catalog/skills/warband.yaml,skill.magic-resistant,not_in_C (no operator proposed),"no runtime block; audit scope NO / reviewed_source (magic), implemented UNKNOWN, work status excluded",excluded_by_source_review,none,the maintained source review already excludes the record; no duel consumer exists,none,T13-audit-scope-review.csv classifies the entry outside the duel runtime; the audit reports scope NO / excluded for it,rule/catalog/warband/skill.magic-resistant/unclassified,"none: excluded by the reviewed source scope, not a metadata gap"
rule/catalog/warband/skill.taunt/unclassified,catalog/skills/warband.yaml,skill.taunt,not_in_C (no operator proposed),"no runtime block; audit scope NO / reviewed_source (movement), implemented UNKNOWN, work status excluded",excluded_by_source_review,none,the maintained source review already excludes the record; no duel consumer exists,none,T13-audit-scope-review.csv classifies the entry outside the duel runtime; the audit reports scope NO / excluded for it,rule/catalog/warband/skill.taunt/unclassified,"none: excluded by the reviewed source scope, not a metadata gap"
rule/catalog/warband/skill.trading-flair/unclassified,catalog/skills/warband.yaml,skill.trading-flair,not_in_C (no operator proposed),"no runtime block; audit scope NO / reviewed_source (campaign), implemented UNKNOWN, work status excluded",excluded_by_source_review,none,the maintained source review already excludes the record; no duel consumer exists,none,T13-audit-scope-review.csv classifies the entry outside the duel runtime; the audit reports scope NO / excluded for it,rule/catalog/warband/skill.trading-flair/unclassified,"none: excluded by the reviewed source scope, not a metadata gap"
