origin_key,canonical_file,canonical_id,owner_id,family,disposition,recipients,prerequisites,binding_or_representation,actual_access_path,compiled_observable,consumer,test_or_evidence,status,question_ids,blocker,proposed_owning_lot
sources/2A/catalog/magic-2a.yaml#spell.commands.raise-our-insignia#spell.commands.raise-our-insignia,sources/knowledge/catalog/campaign/magic.yaml,spell.commands.raise-our-insignia,mazzalupo-web/wandering-knight,spell,included,"The Squire, if within 12"" and not fleeing, knocked down, stunned or out of action; every Mazzalupo model with line of sight to the Squire, including the Wandering Knight, may reroll failed Leadership tests and the Rout test until the next Shooting phase.","Knight alive/standing, not knocked down, stunned or out of action; Command in the recovery phase instead of running; recipients able to hear him, not stunned or knocked down; animals, allies, dramatis personae, hired swords and fallen nobles (Indolent) excluded; one Command per model per turn; per-Command difficulty roll; T13-Q158 must reconcile the common 6"" audible rule against each Command's individual range. Individual range 12"" and Squire LOS.","`wandering-knight--command-raise-our-insignia` declares runtime scope NO / implemented NO / grant profile with a null binding and a published out-of-scope reason; `spell.commands.*` in lore.commands carries roll, difficulty and effect text.","None: `load_campaign_catalog` exposes the lore node and the band runtime metadata, but no compiler or engine consumer reads the Command.",none,`mordheim_knowledge.campaign.load_campaign_catalog` (campaign magic document); no Combat Lab consumer.,test_t13_hireling_command_matrix.py::test_command_origin_resolves_in_lore_commands / test_commands_lore_separates_orders_from_spells / test_command_band_rule_is_declared_out_of_scope_without_binding / test_commands_gate_rule_declares_the_subsystem_out_of_scope / test_canonical_wandering_knight_compiles_without_command_effects,referential-integrity; no-executable-binding; source-blocked,T13-Q158,"T13-Q158 (common 6"" audible rule vs individual 12""/4"" ranges) remains open; no executable binding and no command-action consumer.",T13.3+T13.4+T13.5+T13.6
sources/2A/catalog/magic-2a.yaml#spell.commands.move-ye-miscreant#spell.commands.move-ye-miscreant,sources/knowledge/catalog/campaign/magic.yaml,spell.commands.move-ye-miscreant,mazzalupo-web/wandering-knight,spell,included,"A single Mazzalupo warrior within 6"" of the Wandering Knight; immediate extra move up to maximum Movement; base contact with an enemy counts as charging.","Knight alive/standing, not knocked down, stunned or out of action; Command in the recovery phase instead of running; recipients able to hear him, not stunned or knocked down; animals, allies, dramatis personae, hired swords and fallen nobles (Indolent) excluded; one Command per model per turn; per-Command difficulty roll; T13-Q158 must reconcile the common 6"" audible rule against each Command's individual range. Individual range 6"", one chosen recipient and supplied contact.","`wandering-knight--command-move-ye-miscreant` declares runtime scope NO / implemented NO / grant profile with a null binding and a published out-of-scope reason; `spell.commands.*` in lore.commands carries roll, difficulty and effect text.","None: `load_campaign_catalog` exposes the lore node and the band runtime metadata, but no compiler or engine consumer reads the Command.",none,`mordheim_knowledge.campaign.load_campaign_catalog` (campaign magic document); no Combat Lab consumer.,test_t13_hireling_command_matrix.py::test_command_origin_resolves_in_lore_commands / test_commands_lore_separates_orders_from_spells / test_command_band_rule_is_declared_out_of_scope_without_binding / test_commands_gate_rule_declares_the_subsystem_out_of_scope / test_canonical_wandering_knight_compiles_without_command_effects,referential-integrity; no-executable-binding; source-blocked,T13-Q158,"T13-Q158 (common 6"" audible rule vs individual 12""/4"" ranges) remains open; no executable binding and no command-action consumer.",T13.3+T13.4+T13.5+T13.6
sources/2A/catalog/magic-2a.yaml#spell.commands.follow-me-mine-pugnacious-ones#spell.commands.follow-me-mine-pugnacious-ones,sources/knowledge/catalog/campaign/magic.yaml,spell.commands.follow-me-mine-pugnacious-ones,mazzalupo-web/wandering-knight,spell,included,"Mazzalupo members within 4"" of the Wandering Knight; +1 to hit in close combat until the end of the turn.","Knight alive/standing, not knocked down, stunned or out of action; Command in the recovery phase instead of running; recipients able to hear him, not stunned or knocked down; animals, allies, dramatis personae, hired swords and fallen nobles (Indolent) excluded; one Command per model per turn; per-Command difficulty roll; T13-Q158 must reconcile the common 6"" audible rule against each Command's individual range. Individual range 4""; the generic Knight-self exclusion is retained.","`wandering-knight--command-follow-me-mine-pugnacious-ones` declares runtime scope NO / implemented NO / grant profile with a null binding and a published out-of-scope reason; `spell.commands.*` in lore.commands carries roll, difficulty and effect text.","None: `load_campaign_catalog` exposes the lore node and the band runtime metadata, but no compiler or engine consumer reads the Command.",none,`mordheim_knowledge.campaign.load_campaign_catalog` (campaign magic document); no Combat Lab consumer.,test_t13_hireling_command_matrix.py::test_command_origin_resolves_in_lore_commands / test_commands_lore_separates_orders_from_spells / test_command_band_rule_is_declared_out_of_scope_without_binding / test_commands_gate_rule_declares_the_subsystem_out_of_scope / test_canonical_wandering_knight_compiles_without_command_effects,referential-integrity; no-executable-binding; source-blocked,T13-Q158,"T13-Q158 (common 6"" audible rule vs individual 12""/4"" ranges) remains open; no executable binding and no command-action consumer.",T13.3+T13.4+T13.5+T13.6
sources/2A/catalog/magic-2a.yaml#spell.commands.be-on-guard-my-brave-ones#spell.commands.be-on-guard-my-brave-ones,sources/knowledge/catalog/campaign/magic.yaml,spell.commands.be-on-guard-my-brave-ones,mazzalupo-web/wandering-knight,spell,included,"One Mazzalupo member within 12"" engaged in hand-to-hand combat; immediately moves away up to maximum Movement and cannot contact other enemies.","Knight alive/standing, not knocked down, stunned or out of action; Command in the recovery phase instead of running; recipients able to hear him, not stunned or knocked down; animals, allies, dramatis personae, hired swords and fallen nobles (Indolent) excluded; one Command per model per turn; per-Command difficulty roll; T13-Q158 must reconcile the common 6"" audible rule against each Command's individual range. Individual range 12"" and an engaged recipient.","`wandering-knight--command-be-on-guard-my-brave-ones` declares runtime scope NO / implemented NO / grant profile with a null binding and a published out-of-scope reason; `spell.commands.*` in lore.commands carries roll, difficulty and effect text.","None: `load_campaign_catalog` exposes the lore node and the band runtime metadata, but no compiler or engine consumer reads the Command.",none,`mordheim_knowledge.campaign.load_campaign_catalog` (campaign magic document); no Combat Lab consumer.,test_t13_hireling_command_matrix.py::test_command_origin_resolves_in_lore_commands / test_commands_lore_separates_orders_from_spells / test_command_band_rule_is_declared_out_of_scope_without_binding / test_commands_gate_rule_declares_the_subsystem_out_of_scope / test_canonical_wandering_knight_compiles_without_command_effects,referential-integrity; no-executable-binding; source-blocked,T13-Q158,"T13-Q158 (common 6"" audible rule vs individual 12""/4"" ranges) remains open; no executable binding and no command-action consumer.",T13.3+T13.4+T13.5+T13.6
sources/2A/catalog/magic-2a.yaml#spell.commands.art-thou-ready-to-die-fighting#spell.commands.art-thou-ready-to-die-fighting,sources/knowledge/catalog/campaign/magic.yaml,spell.commands.art-thou-ready-to-die-fighting,mazzalupo-web/wandering-knight,spell,included,"Every Mazzalupo model within 4"", including the Wandering Knight; can only be taken out of action on a 6 until the next Mazzalupo turn.","Knight alive/standing, not knocked down, stunned or out of action; Command in the recovery phase instead of running; recipients able to hear him, not stunned or knocked down; animals, allies, dramatis personae, hired swords and fallen nobles (Indolent) excluded; one Command per model per turn; per-Command difficulty roll; T13-Q158 must reconcile the common 6"" audible rule against each Command's individual range. Individual range 4"" and injury/out-of-action stage.","`wandering-knight--command-art-thou-ready-to-die-fighting` declares runtime scope NO / implemented NO / grant profile with a null binding and a published out-of-scope reason; `spell.commands.*` in lore.commands carries roll, difficulty and effect text.","None: `load_campaign_catalog` exposes the lore node and the band runtime metadata, but no compiler or engine consumer reads the Command.",none,`mordheim_knowledge.campaign.load_campaign_catalog` (campaign magic document); no Combat Lab consumer.,test_t13_hireling_command_matrix.py::test_command_origin_resolves_in_lore_commands / test_commands_lore_separates_orders_from_spells / test_command_band_rule_is_declared_out_of_scope_without_binding / test_commands_gate_rule_declares_the_subsystem_out_of_scope / test_canonical_wandering_knight_compiles_without_command_effects,referential-integrity; no-executable-binding; source-blocked,T13-Q158,"T13-Q158 (common 6"" audible rule vs individual 12""/4"" ranges) remains open; no executable binding and no command-action consumer.",T13.3+T13.4+T13.5+T13.6
sources/2B/catalog/hirelings/dramatis-personae/grade-2b.yaml#hireling.dramatis.aldred-fellblade#hireling.dramatis.aldred-fellblade.rule.righteous-fury-orcs-goblins,sources/knowledge/catalog/hirelings/dramatis-personae/grade-2b.yaml,hireling.dramatis.aldred-fellblade.rule.righteous-fury-orcs-goblins,hireling.dramatis.aldred-fellblade,hireling,included,Aldred himself: Orcs & Goblins join the affected-enemy set of his Righteous Fury.,"Underlying Righteous Fury base family, target set and effect (T13-Q159); charge/combat condition of the referenced skill.",Canonical catalogue node without a `runtime` block or binding; `load_hirelings` publishes it as a rule of the owner profile.,"None in Combat Lab: the owner profile is absent from `load_bands`, so `compile_fighter` has no band/profile pair for it; `load_hirelings` is the only maintained route.",none,"`mordheim_knowledge.campaign.load_hirelings`; Warband Manager campaign flows (`mordheim_campaign.application.knowledge_port`/`hire_eligibility`), not Combat Lab.",test_t13_hireling_command_matrix.py::test_hireling_origin_resolves_to_its_canonical_rule_node / test_hireling_origin_resolves_in_the_published_hireling_catalogue / test_no_hireling_profile_or_rule_is_part_of_band_construction / test_free_selection_build_does_not_apply_hireling_rules,referential-integrity; no-access-route; source-blocked,T13-Q159,T13-Q159 gates the clause (no construction/combat route either).,T13.5+T13.6
sources/2B/catalog/hirelings/dramatis-personae/grade-2b.yaml#hireling.dramatis.aldred-fellblade#hireling.dramatis.aldred-fellblade.rule.fellblade,sources/knowledge/catalog/hirelings/dramatis-personae/grade-2b.yaml,hireling.dramatis.aldred-fellblade.rule.fellblade,hireling.dramatis.aldred-fellblade,hireling,included,Aldred himself parrying with his unique sword as though it were a normal sword.,Actual Fellblade weapon profile and parry grant (T13-Q160); main/off-hand allocation.,Canonical catalogue node without a `runtime` block or binding; `load_hirelings` publishes it as a rule of the owner profile.,"None in Combat Lab: the owner profile is absent from `load_bands`, so `compile_fighter` has no band/profile pair for it; `load_hirelings` is the only maintained route.",none,"`mordheim_knowledge.campaign.load_hirelings`; Warband Manager campaign flows (`mordheim_campaign.application.knowledge_port`/`hire_eligibility`), not Combat Lab.",test_t13_hireling_command_matrix.py::test_hireling_origin_resolves_to_its_canonical_rule_node / test_hireling_origin_resolves_in_the_published_hireling_catalogue / test_no_hireling_profile_or_rule_is_part_of_band_construction / test_free_selection_build_does_not_apply_hireling_rules,referential-integrity; no-access-route; source-blocked,T13-Q160,T13-Q160 gates the clause (no construction/combat route either).,T13.3+T13.4+T13.6
sources/2B/catalog/hirelings/dramatis-personae/grade-2b.yaml#hireling.dramatis.armen-abbas#hireling.dramatis.armen-abbas.rule.skills-physician,sources/knowledge/catalog/hirelings/dramatis-personae/grade-2b.yaml,hireling.dramatis.armen-abbas.rule.skills-physician,hireling.dramatis.armen-abbas,hireling,mixed,"Armen: Leap, Acrobat and On Wings of Angels (Dodge excluded X3); counted as Physician.",Exact referenced skill rules; avoid double-granting the Angel Wings equipment movement (T13-Q161).,Canonical catalogue node without a `runtime` block or binding; `load_hirelings` publishes it as a rule of the owner profile.,"None in Combat Lab: the owner profile is absent from `load_bands`, so `compile_fighter` has no band/profile pair for it; `load_hirelings` is the only maintained route.",none,"`mordheim_knowledge.campaign.load_hirelings`; Warband Manager campaign flows (`mordheim_campaign.application.knowledge_port`/`hire_eligibility`), not Combat Lab.",test_t13_hireling_command_matrix.py::test_hireling_origin_resolves_to_its_canonical_rule_node / test_hireling_origin_resolves_in_the_published_hireling_catalogue / test_no_hireling_profile_or_rule_is_part_of_band_construction / test_free_selection_build_does_not_apply_hireling_rules,referential-integrity; no-access-route; source-blocked,T13-Q161,T13-Q161 gates the clause (no construction/combat route either).,T13.4+T13.6
sources/2B/catalog/hirelings/dramatis-personae/grade-2b.yaml#hireling.dramatis.armen-abbas#hireling.dramatis.armen-abbas.rule.angel-wings,sources/knowledge/catalog/hirelings/dramatis-personae/grade-2b.yaml,hireling.dramatis.armen-abbas.rule.angel-wings,hireling.dramatis.armen-abbas,hireling,mixed,"Armen gliding; enemy models susceptible to Fear under the 24"" x 1"" line must test Ld or flee 2D6.","Start at least 3"" above ground, one turn up to 45 degrees, terrain not higher than the start, endpoint at or below starting height; supplied movement facts.",Canonical catalogue node without a `runtime` block or binding; `load_hirelings` publishes it as a rule of the owner profile.,"None in Combat Lab: the owner profile is absent from `load_bands`, so `compile_fighter` has no band/profile pair for it; `load_hirelings` is the only maintained route.",none,"`mordheim_knowledge.campaign.load_hirelings`; Warband Manager campaign flows (`mordheim_campaign.application.knowledge_port`/`hire_eligibility`), not Combat Lab.",test_t13_hireling_command_matrix.py::test_hireling_origin_resolves_to_its_canonical_rule_node / test_hireling_origin_resolves_in_the_published_hireling_catalogue / test_no_hireling_profile_or_rule_is_part_of_band_construction / test_free_selection_build_does_not_apply_hireling_rules,referential-integrity; no-access-route,,No canonical construction/combat consumer exists for hireling profiles; hiring lifecycle belongs to Warband Manager.,T13.4+T13.6
sources/2B/catalog/hirelings/dramatis-personae/grade-2b.yaml#hireling.dramatis.snorri-nosebiter#hireling.dramatis.snorri-nosebiter.rule.slayer-rules,sources/knowledge/catalog/hirelings/dramatis-personae/grade-2b.yaml,hireling.dramatis.snorri-nosebiter.rule.slayer-rules,hireling.dramatis.snorri-nosebiter,hireling,included,Snorri inherits the Slayer rule set of the named source.,Identify the exact Slayer warband rule set and its exceptions (T13-Q163); no automatic Slayer Pirate inheritance.,Canonical catalogue node without a `runtime` block or binding; `load_hirelings` publishes it as a rule of the owner profile.,"None in Combat Lab: the owner profile is absent from `load_bands`, so `compile_fighter` has no band/profile pair for it; `load_hirelings` is the only maintained route.",none,"`mordheim_knowledge.campaign.load_hirelings`; Warband Manager campaign flows (`mordheim_campaign.application.knowledge_port`/`hire_eligibility`), not Combat Lab.",test_t13_hireling_command_matrix.py::test_hireling_origin_resolves_to_its_canonical_rule_node / test_hireling_origin_resolves_in_the_published_hireling_catalogue / test_no_hireling_profile_or_rule_is_part_of_band_construction / test_free_selection_build_does_not_apply_hireling_rules,referential-integrity; no-access-route; source-blocked,T13-Q163,T13-Q163 gates the clause (no construction/combat route either).,T13.6
sources/2B/catalog/hirelings/dramatis-personae/grade-2b.yaml#hireling.dramatis.snorri-nosebiter#hireling.dramatis.snorri-nosebiter.rule.drunk,sources/knowledge/catalog/hirelings/dramatis-personae/grade-2b.yaml,hireling.dramatis.snorri-nosebiter.rule.drunk,hireling.dramatis.snorri-nosebiter,hireling,included,"Snorri himself; pre-battle D6: 1 absent, 2 WS/S -1, 3 none, 4 friend/foe within 2"" -1 to hit, 5 S +1, 6 Frenzy.","Pre-battle D6 fixed for the battle; local 2"" participant facts.",Canonical catalogue node without a `runtime` block or binding; `load_hirelings` publishes it as a rule of the owner profile.,"None in Combat Lab: the owner profile is absent from `load_bands`, so `compile_fighter` has no band/profile pair for it; `load_hirelings` is the only maintained route.",none,"`mordheim_knowledge.campaign.load_hirelings`; Warband Manager campaign flows (`mordheim_campaign.application.knowledge_port`/`hire_eligibility`), not Combat Lab.",test_t13_hireling_command_matrix.py::test_hireling_origin_resolves_to_its_canonical_rule_node / test_hireling_origin_resolves_in_the_published_hireling_catalogue / test_no_hireling_profile_or_rule_is_part_of_band_construction / test_free_selection_build_does_not_apply_hireling_rules,referential-integrity; no-access-route,,No canonical construction/combat consumer exists for hireling profiles; hiring lifecycle belongs to Warband Manager.,T13.3+T13.4+T13.5+T13.6
sources/2B/catalog/hirelings/dramatis-personae/grade-2b.yaml#hireling.dramatis.snorri-nosebiter#hireling.dramatis.snorri-nosebiter.rule.lucky,sources/knowledge/catalog/hirelings/dramatis-personae/grade-2b.yaml,hireling.dramatis.snorri-nosebiter.rule.lucky,hireling.dramatis.snorri-nosebiter,hireling,mixed,Snorri: 5+ ward save in combat.,Incoming attack classification (the shooting half is excluded X3); ward resource.,Canonical catalogue node without a `runtime` block or binding; `load_hirelings` publishes it as a rule of the owner profile.,"None in Combat Lab: the owner profile is absent from `load_bands`, so `compile_fighter` has no band/profile pair for it; `load_hirelings` is the only maintained route.",none,"`mordheim_knowledge.campaign.load_hirelings`; Warband Manager campaign flows (`mordheim_campaign.application.knowledge_port`/`hire_eligibility`), not Combat Lab.",test_t13_hireling_command_matrix.py::test_hireling_origin_resolves_to_its_canonical_rule_node / test_hireling_origin_resolves_in_the_published_hireling_catalogue / test_no_hireling_profile_or_rule_is_part_of_band_construction / test_free_selection_build_does_not_apply_hireling_rules,referential-integrity; no-access-route,,No canonical construction/combat consumer exists for hireling profiles; hiring lifecycle belongs to Warband Manager.,T13.3+T13.4+T13.6
sources/2B/catalog/hirelings/grade-2b.yaml#hireling.hired-sword.black-orc-bodyguard#hireling.hired-sword.black-orc-bodyguard.rule.i-said-shut-it,sources/knowledge/catalog/hirelings/hired-swords/grade-2b.yaml,hireling.hired-sword.black-orc-bodyguard.rule.i-said-shut-it,hireling.hired-sword.black-orc-bodyguard,hireling,included,"Any Orc or Goblin within 6"" of the Black Orc: does not suffer Animosity; the rest of the warband tests normally.","Full Animosity source operator and timing (T13-Q164); suppress only Animosity, not all psychology.",Canonical catalogue node without a `runtime` block or binding; `load_hirelings` publishes it as a rule of the owner profile.,"None in Combat Lab: the owner profile is absent from `load_bands`, so `compile_fighter` has no band/profile pair for it; `load_hirelings` is the only maintained route.",none,"`mordheim_knowledge.campaign.load_hirelings`; Warband Manager campaign flows (`mordheim_campaign.application.knowledge_port`/`hire_eligibility`), not Combat Lab.",test_t13_hireling_command_matrix.py::test_hireling_origin_resolves_to_its_canonical_rule_node / test_hireling_origin_resolves_in_the_published_hireling_catalogue / test_no_hireling_profile_or_rule_is_part_of_band_construction / test_free_selection_build_does_not_apply_hireling_rules,referential-integrity; no-access-route; source-blocked,T13-Q164,T13-Q164 gates the clause (no construction/combat route either).,T13.5+T13.6
sources/2B/catalog/hirelings/grade-2b.yaml#hireling.hired-sword.black-orc-bodyguard#hireling.hired-sword.black-orc-bodyguard.rule.whose-da-man,sources/knowledge/catalog/hirelings/hired-swords/grade-2b.yaml,hireling.hired-sword.black-orc-bodyguard.rule.whose-da-man,hireling.hired-sword.black-orc-bodyguard,hireling,mixed,Black Orc gains the Leader ability for the battle when the local Night Goblin leader is taken out of action.,Explicit local Night Goblin leader becoming OOA and battle-duration ability; permanent campaign replacement excluded.,Canonical catalogue node without a `runtime` block or binding; `load_hirelings` publishes it as a rule of the owner profile.,"None in Combat Lab: the owner profile is absent from `load_bands`, so `compile_fighter` has no band/profile pair for it; `load_hirelings` is the only maintained route.",none,"`mordheim_knowledge.campaign.load_hirelings`; Warband Manager campaign flows (`mordheim_campaign.application.knowledge_port`/`hire_eligibility`), not Combat Lab.",test_t13_hireling_command_matrix.py::test_hireling_origin_resolves_to_its_canonical_rule_node / test_hireling_origin_resolves_in_the_published_hireling_catalogue / test_no_hireling_profile_or_rule_is_part_of_band_construction / test_free_selection_build_does_not_apply_hireling_rules,referential-integrity; no-access-route,,No canonical construction/combat consumer exists for hireling profiles; hiring lifecycle belongs to Warband Manager.,T13.5+T13.6
sources/2B/catalog/hirelings/grade-2b.yaml#hireling.hired-sword.bog-hunter#hireling.hired-sword.bog-hunter.rule.unholy-stink,sources/knowledge/catalog/hirelings/hired-swords/grade-2b.yaml,hireling.hired-sword.bog-hunter.rule.unholy-stink,hireling.hired-sword.bog-hunter,hireling,included,Enemies in close combat with the Bog Hunter: -1 to hit him only (no area aura).,Engaged attackers; incoming hit modifier.,Canonical catalogue node without a `runtime` block or binding; `load_hirelings` publishes it as a rule of the owner profile.,"None in Combat Lab: the owner profile is absent from `load_bands`, so `compile_fighter` has no band/profile pair for it; `load_hirelings` is the only maintained route.",none,"`mordheim_knowledge.campaign.load_hirelings`; Warband Manager campaign flows (`mordheim_campaign.application.knowledge_port`/`hire_eligibility`), not Combat Lab.",test_t13_hireling_command_matrix.py::test_hireling_origin_resolves_to_its_canonical_rule_node / test_hireling_origin_resolves_in_the_published_hireling_catalogue / test_no_hireling_profile_or_rule_is_part_of_band_construction / test_free_selection_build_does_not_apply_hireling_rules,referential-integrity; no-access-route,,No canonical construction/combat consumer exists for hireling profiles; hiring lifecycle belongs to Warband Manager.,T13.3+T13.6
sources/2B/catalog/hirelings/grade-2b.yaml#hireling.hired-sword.bog-hunter#hireling.hired-sword.bog-hunter.rule.fenland-strider,sources/knowledge/catalog/hirelings/hired-swords/grade-2b.yaml,hireling.hired-sword.bog-hunter.rule.fenland-strider,hireling.hired-sword.bog-hunter,hireling,included,"Bog Hunter: rerolls failed Initiative tests on causeways, jetties, gangplanks or marsh; other terrain has no effect.",Supplied terrain/path facts naming those crossings.,Canonical catalogue node without a `runtime` block or binding; `load_hirelings` publishes it as a rule of the owner profile.,"None in Combat Lab: the owner profile is absent from `load_bands`, so `compile_fighter` has no band/profile pair for it; `load_hirelings` is the only maintained route.",none,"`mordheim_knowledge.campaign.load_hirelings`; Warband Manager campaign flows (`mordheim_campaign.application.knowledge_port`/`hire_eligibility`), not Combat Lab.",test_t13_hireling_command_matrix.py::test_hireling_origin_resolves_to_its_canonical_rule_node / test_hireling_origin_resolves_in_the_published_hireling_catalogue / test_no_hireling_profile_or_rule_is_part_of_band_construction / test_free_selection_build_does_not_apply_hireling_rules,referential-integrity; no-access-route,,No canonical construction/combat consumer exists for hireling profiles; hiring lifecycle belongs to Warband Manager.,T13.4+T13.6
sources/2B/catalog/hirelings/grade-2b.yaml#hireling.hired-sword.whaler#hireling.hired-sword.whaler.rule.marine-hunter,sources/knowledge/catalog/hirelings/hired-swords/grade-2b.yaml,hireling.hired-sword.whaler.rule.marine-hunter,hireling.hired-sword.whaler,hireling,included,Aquatic models wounded by the Whaler: double the wounds inflicted.,"Aquatic target classification, not standing water (T13-Q165); wound stage.",Canonical catalogue node without a `runtime` block or binding; `load_hirelings` publishes it as a rule of the owner profile.,"None in Combat Lab: the owner profile is absent from `load_bands`, so `compile_fighter` has no band/profile pair for it; `load_hirelings` is the only maintained route.",none,"`mordheim_knowledge.campaign.load_hirelings`; Warband Manager campaign flows (`mordheim_campaign.application.knowledge_port`/`hire_eligibility`), not Combat Lab.",test_t13_hireling_command_matrix.py::test_hireling_origin_resolves_to_its_canonical_rule_node / test_hireling_origin_resolves_in_the_published_hireling_catalogue / test_no_hireling_profile_or_rule_is_part_of_band_construction / test_free_selection_build_does_not_apply_hireling_rules,referential-integrity; no-access-route; source-blocked,T13-Q165,T13-Q165 gates the clause (no construction/combat route either).,T13.3+T13.6
sources/2B/catalog/hirelings/grade-2b.yaml#hireling.hired-sword.whaler#hireling.hired-sword.whaler.rule.hardened,sources/knowledge/catalog/hirelings/hired-swords/grade-2b.yaml,hireling.hired-sword.whaler.rule.hardened,hireling.hired-sword.whaler,hireling,included,"Whaler: immune to Fear only, not Stupidity, Hatred or All Alone.",Fear immunity classification.,Canonical catalogue node without a `runtime` block or binding; `load_hirelings` publishes it as a rule of the owner profile.,"None in Combat Lab: the owner profile is absent from `load_bands`, so `compile_fighter` has no band/profile pair for it; `load_hirelings` is the only maintained route.",none,"`mordheim_knowledge.campaign.load_hirelings`; Warband Manager campaign flows (`mordheim_campaign.application.knowledge_port`/`hire_eligibility`), not Combat Lab.",test_t13_hireling_command_matrix.py::test_hireling_origin_resolves_to_its_canonical_rule_node / test_hireling_origin_resolves_in_the_published_hireling_catalogue / test_no_hireling_profile_or_rule_is_part_of_band_construction / test_free_selection_build_does_not_apply_hireling_rules,referential-integrity; no-access-route,,No canonical construction/combat consumer exists for hireling profiles; hiring lifecycle belongs to Warband Manager.,T13.5+T13.6
sources/2B/catalog/hirelings/mim-specialists.yaml#hireling.hired-sword.ogre-treasure-hunter#hireling.hired-sword.ogre-treasure-hunter.rule.diver,sources/knowledge/catalog/hirelings/hired-swords/grade-2b.yaml,hireling.hired-sword.ogre-treasure-hunter.rule.diver,hireling.hired-sword.ogre-treasure-hunter,hireling,included,Ogre Treasure Hunter counts as Aquatic; moves and breathes in water without penalties.,Local water/terrain fact; the printed diving gear itself has no separate effect.,Canonical catalogue node without a `runtime` block or binding; `load_hirelings` publishes it as a rule of the owner profile.,"None in Combat Lab: the owner profile is absent from `load_bands`, so `compile_fighter` has no band/profile pair for it; `load_hirelings` is the only maintained route.",none,"`mordheim_knowledge.campaign.load_hirelings`; Warband Manager campaign flows (`mordheim_campaign.application.knowledge_port`/`hire_eligibility`), not Combat Lab.",test_t13_hireling_command_matrix.py::test_hireling_origin_resolves_to_its_canonical_rule_node / test_hireling_origin_resolves_in_the_published_hireling_catalogue / test_no_hireling_profile_or_rule_is_part_of_band_construction / test_free_selection_build_does_not_apply_hireling_rules,referential-integrity; no-access-route,,No canonical construction/combat consumer exists for hireling profiles; hiring lifecycle belongs to Warband Manager.,T13.4+T13.6
sources/2B/catalog/hirelings/mim-specialists.yaml#hireling.hired-sword.ogre-treasure-hunter#hireling.hired-sword.ogre-treasure-hunter.rule.fear,sources/knowledge/catalog/hirelings/hired-swords/grade-2b.yaml,hireling.hired-sword.ogre-treasure-hunter.rule.fear,hireling.hired-sword.ogre-treasure-hunter,hireling,included,Ogre Treasure Hunter causes Fear.,Fear classification on the profile.,Canonical catalogue node without a `runtime` block or binding; `load_hirelings` publishes it as a rule of the owner profile.,"None in Combat Lab: the owner profile is absent from `load_bands`, so `compile_fighter` has no band/profile pair for it; `load_hirelings` is the only maintained route.",none,"`mordheim_knowledge.campaign.load_hirelings`; Warband Manager campaign flows (`mordheim_campaign.application.knowledge_port`/`hire_eligibility`), not Combat Lab.",test_t13_hireling_command_matrix.py::test_hireling_origin_resolves_to_its_canonical_rule_node / test_hireling_origin_resolves_in_the_published_hireling_catalogue / test_no_hireling_profile_or_rule_is_part_of_band_construction / test_free_selection_build_does_not_apply_hireling_rules,referential-integrity; no-access-route,,No canonical construction/combat consumer exists for hireling profiles; hiring lifecycle belongs to Warband Manager.,T13.5+T13.6
sources/2B/catalog/hirelings/mim-specialists.yaml#hireling.hired-sword.grave-warden#hireling.hired-sword.grave-warden.rule.immune-to-disease,sources/knowledge/catalog/hirelings/hired-swords/grade-2b.yaml,hireling.hired-sword.grave-warden.rule.immune-to-disease,hireling.hired-sword.grave-warden,hireling,included,Grave Warden unaffected by any disease.,Disease source classification; ordinary poison is not automatically disease.,Canonical catalogue node without a `runtime` block or binding; `load_hirelings` publishes it as a rule of the owner profile.,"None in Combat Lab: the owner profile is absent from `load_bands`, so `compile_fighter` has no band/profile pair for it; `load_hirelings` is the only maintained route.",none,"`mordheim_knowledge.campaign.load_hirelings`; Warband Manager campaign flows (`mordheim_campaign.application.knowledge_port`/`hire_eligibility`), not Combat Lab.",test_t13_hireling_command_matrix.py::test_hireling_origin_resolves_to_its_canonical_rule_node / test_hireling_origin_resolves_in_the_published_hireling_catalogue / test_no_hireling_profile_or_rule_is_part_of_band_construction / test_free_selection_build_does_not_apply_hireling_rules,referential-integrity; no-access-route,,No canonical construction/combat consumer exists for hireling profiles; hiring lifecycle belongs to Warband Manager.,T13.3+T13.4+T13.6
sources/2B/catalog/hirelings/mim-specialists.yaml#hireling.hired-sword.grave-warden#hireling.hired-sword.grave-warden.rule.hardened,sources/knowledge/catalog/hirelings/hired-swords/grade-2b.yaml,hireling.hired-sword.grave-warden.rule.hardened,hireling.hired-sword.grave-warden,hireling,included,Grave Warden: immune to Fear only.,Fear immunity classification.,Canonical catalogue node without a `runtime` block or binding; `load_hirelings` publishes it as a rule of the owner profile.,"None in Combat Lab: the owner profile is absent from `load_bands`, so `compile_fighter` has no band/profile pair for it; `load_hirelings` is the only maintained route.",none,"`mordheim_knowledge.campaign.load_hirelings`; Warband Manager campaign flows (`mordheim_campaign.application.knowledge_port`/`hire_eligibility`), not Combat Lab.",test_t13_hireling_command_matrix.py::test_hireling_origin_resolves_to_its_canonical_rule_node / test_hireling_origin_resolves_in_the_published_hireling_catalogue / test_no_hireling_profile_or_rule_is_part_of_band_construction / test_free_selection_build_does_not_apply_hireling_rules,referential-integrity; no-access-route,,No canonical construction/combat consumer exists for hireling profiles; hiring lifecycle belongs to Warband Manager.,T13.5+T13.6
sources/2B/catalog/hirelings/mim-specialists.yaml#hireling.hired-sword.grave-warden#hireling.hired-sword.grave-warden.rule.gardener,sources/knowledge/catalog/hirelings/hired-swords/grade-2b.yaml,hireling.hired-sword.grave-warden.rule.gardener,hireling.hired-sword.grave-warden,hireling,included,Grave Warden must move to the nearest grave defiler in line of sight; hates defilers; charges trespassers.,Explicit grave-marker/tomb trespass facts and nearest/LOS context (T13-Q166).,Canonical catalogue node without a `runtime` block or binding; `load_hirelings` publishes it as a rule of the owner profile.,"None in Combat Lab: the owner profile is absent from `load_bands`, so `compile_fighter` has no band/profile pair for it; `load_hirelings` is the only maintained route.",none,"`mordheim_knowledge.campaign.load_hirelings`; Warband Manager campaign flows (`mordheim_campaign.application.knowledge_port`/`hire_eligibility`), not Combat Lab.",test_t13_hireling_command_matrix.py::test_hireling_origin_resolves_to_its_canonical_rule_node / test_hireling_origin_resolves_in_the_published_hireling_catalogue / test_no_hireling_profile_or_rule_is_part_of_band_construction / test_free_selection_build_does_not_apply_hireling_rules,referential-integrity; no-access-route; source-blocked,T13-Q166,T13-Q166 gates the clause (no construction/combat route either).,T13.4+T13.6
sources/2B/catalog/hirelings/mim-specialists.yaml#hireling.hired-sword.halfling-fence#hireling.hired-sword.halfling-fence.rule.sham,sources/knowledge/catalog/hirelings/hired-swords/grade-2b.yaml,hireling.hired-sword.halfling-fence.rule.sham,hireling.hired-sword.halfling-fence,hireling,mixed,"Items configured through the Fence: base price; first use on D6=1 breaks the item, 2-6 works.",Configured fake-item origin flag and first-use consumption (T13-Q167); purchase and post-battle item table excluded.,Canonical catalogue node without a `runtime` block or binding; `load_hirelings` publishes it as a rule of the owner profile.,"None in Combat Lab: the owner profile is absent from `load_bands`, so `compile_fighter` has no band/profile pair for it; `load_hirelings` is the only maintained route.",none,"`mordheim_knowledge.campaign.load_hirelings`; Warband Manager campaign flows (`mordheim_campaign.application.knowledge_port`/`hire_eligibility`), not Combat Lab.",test_t13_hireling_command_matrix.py::test_hireling_origin_resolves_to_its_canonical_rule_node / test_hireling_origin_resolves_in_the_published_hireling_catalogue / test_no_hireling_profile_or_rule_is_part_of_band_construction / test_free_selection_build_does_not_apply_hireling_rules,referential-integrity; no-access-route; source-blocked,T13-Q167,T13-Q167 gates the clause (no construction/combat route either).,T13.3+T13.4+T13.5+T13.6
sources/2B/catalog/hirelings/mim-specialists.yaml#hireling.hired-sword.halfling-pimp#hireling.hired-sword.halfling-pimp.rule.flesh-peddler,sources/knowledge/catalog/hirelings/hired-swords/grade-2b.yaml,hireling.hired-sword.halfling-pimp.rule.flesh-peddler,hireling.hired-sword.halfling-pimp,hireling,mixed,Configured Female mark: the Pimp gets +1 to hit and must move toward the mark.,Explicit local mark configured at encounter start; capture/post-battle economy excluded.,Canonical catalogue node without a `runtime` block or binding; `load_hirelings` publishes it as a rule of the owner profile.,"None in Combat Lab: the owner profile is absent from `load_bands`, so `compile_fighter` has no band/profile pair for it; `load_hirelings` is the only maintained route.",none,"`mordheim_knowledge.campaign.load_hirelings`; Warband Manager campaign flows (`mordheim_campaign.application.knowledge_port`/`hire_eligibility`), not Combat Lab.",test_t13_hireling_command_matrix.py::test_hireling_origin_resolves_to_its_canonical_rule_node / test_hireling_origin_resolves_in_the_published_hireling_catalogue / test_no_hireling_profile_or_rule_is_part_of_band_construction / test_free_selection_build_does_not_apply_hireling_rules,referential-integrity; no-access-route,,No canonical construction/combat consumer exists for hireling profiles; hiring lifecycle belongs to Warband Manager.,T13.4+T13.6
sources/2B/catalog/hirelings/mim-specialists.yaml#hireling.hired-sword.halfling-pimp#hireling.hired-sword.halfling-pimp.rule.playboy,sources/knowledge/catalog/hirelings/hired-swords/grade-2b.yaml,hireling.hired-sword.halfling-pimp.rule.playboy,hireling.hired-sword.halfling-pimp,hireling,mixed,"Configured Courtesan mark within 8"" of the Pimp; dependency branches when the Pimp is taken out of action.","Explicit mark, 8"" distances and original/current faction facts (T13-Q168); persistent recruitment excluded.",Canonical catalogue node without a `runtime` block or binding; `load_hirelings` publishes it as a rule of the owner profile.,"None in Combat Lab: the owner profile is absent from `load_bands`, so `compile_fighter` has no band/profile pair for it; `load_hirelings` is the only maintained route.",none,"`mordheim_knowledge.campaign.load_hirelings`; Warband Manager campaign flows (`mordheim_campaign.application.knowledge_port`/`hire_eligibility`), not Combat Lab.",test_t13_hireling_command_matrix.py::test_hireling_origin_resolves_to_its_canonical_rule_node / test_hireling_origin_resolves_in_the_published_hireling_catalogue / test_no_hireling_profile_or_rule_is_part_of_band_construction / test_free_selection_build_does_not_apply_hireling_rules,referential-integrity; no-access-route; source-blocked,T13-Q168,T13-Q168 gates the clause (no construction/combat route either).,T13.3+T13.4+T13.5+T13.6
sources/2B/catalog/hirelings/mim-specialists.yaml#hireling.hired-sword.albino-stormvermin#hireling.hired-sword.albino-stormvermin.rule.hardened,sources/knowledge/catalog/hirelings/hired-swords/grade-2b.yaml,hireling.hired-sword.albino-stormvermin.rule.hardened,hireling.hired-sword.albino-stormvermin,hireling,included,Albino Stormvermin: immune to Fear only.,Fear immunity classification.,Canonical catalogue node without a `runtime` block or binding; `load_hirelings` publishes it as a rule of the owner profile.,"None in Combat Lab: the owner profile is absent from `load_bands`, so `compile_fighter` has no band/profile pair for it; `load_hirelings` is the only maintained route.",none,"`mordheim_knowledge.campaign.load_hirelings`; Warband Manager campaign flows (`mordheim_campaign.application.knowledge_port`/`hire_eligibility`), not Combat Lab.",test_t13_hireling_command_matrix.py::test_hireling_origin_resolves_to_its_canonical_rule_node / test_hireling_origin_resolves_in_the_published_hireling_catalogue / test_no_hireling_profile_or_rule_is_part_of_band_construction / test_free_selection_build_does_not_apply_hireling_rules,referential-integrity; no-access-route,,No canonical construction/combat consumer exists for hireling profiles; hiring lifecycle belongs to Warband Manager.,T13.5+T13.6
sources/2B/catalog/hirelings/mim-specialists.yaml#hireling.hired-sword.norse-bearman-bodyguard#hireling.hired-sword.norse-bearman-bodyguard.rule.shieldmaster,sources/knowledge/catalog/hirelings/hired-swords/grade-2b.yaml,hireling.hired-sword.norse-bearman-bodyguard.rule.shieldmaster,hireling.hired-sword.norse-bearman-bodyguard,hireling,included,Bearman: shield permits a parry in addition to the ordinary save.,Shield in the loadout; parry capacity; no off-hand sword required.,Canonical catalogue node without a `runtime` block or binding; `load_hirelings` publishes it as a rule of the owner profile.,"None in Combat Lab: the owner profile is absent from `load_bands`, so `compile_fighter` has no band/profile pair for it; `load_hirelings` is the only maintained route.",none,"`mordheim_knowledge.campaign.load_hirelings`; Warband Manager campaign flows (`mordheim_campaign.application.knowledge_port`/`hire_eligibility`), not Combat Lab.",test_t13_hireling_command_matrix.py::test_hireling_origin_resolves_to_its_canonical_rule_node / test_hireling_origin_resolves_in_the_published_hireling_catalogue / test_no_hireling_profile_or_rule_is_part_of_band_construction / test_free_selection_build_does_not_apply_hireling_rules,referential-integrity; no-access-route,,No canonical construction/combat consumer exists for hireling profiles; hiring lifecycle belongs to Warband Manager.,T13.3+T13.4+T13.6
sources/2B/catalog/hirelings/mim-specialists.yaml#hireling.hired-sword.norse-bearman-bodyguard#hireling.hired-sword.norse-bearman-bodyguard.rule.bulwark,sources/knowledge/catalog/hirelings/hired-swords/grade-2b.yaml,hireling.hired-sword.norse-bearman-bodyguard.rule.bulwark,hireling.hired-sword.norse-bearman-bodyguard,hireling,included,Bearman: +1 armour save in close combat.,Exact shield-and-axe requirement needs a source predicate (T13-Q169).,Canonical catalogue node without a `runtime` block or binding; `load_hirelings` publishes it as a rule of the owner profile.,"None in Combat Lab: the owner profile is absent from `load_bands`, so `compile_fighter` has no band/profile pair for it; `load_hirelings` is the only maintained route.",none,"`mordheim_knowledge.campaign.load_hirelings`; Warband Manager campaign flows (`mordheim_campaign.application.knowledge_port`/`hire_eligibility`), not Combat Lab.",test_t13_hireling_command_matrix.py::test_hireling_origin_resolves_to_its_canonical_rule_node / test_hireling_origin_resolves_in_the_published_hireling_catalogue / test_no_hireling_profile_or_rule_is_part_of_band_construction / test_free_selection_build_does_not_apply_hireling_rules,referential-integrity; no-access-route; source-blocked,T13-Q169,T13-Q169 gates the clause (no construction/combat route either).,T13.3+T13.4+T13.6
sources/2B/catalog/hirelings/mim-specialists.yaml#hireling.hired-sword.norse-bearman-bodyguard#hireling.hired-sword.norse-bearman-bodyguard.rule.drunken,sources/knowledge/catalog/hirelings/hired-swords/grade-2b.yaml,hireling.hired-sword.norse-bearman-bodyguard.rule.drunken,hireling.hired-sword.norse-bearman-bodyguard,hireling,included,"Bearman: start-of-turn D6 (1 Stupidity, 2-5 none, 6 Frenzy); while affected immune to other psychology.",Turn-start D6 and existing Stupidity/Frenzy duration (T13-Q170).,Canonical catalogue node without a `runtime` block or binding; `load_hirelings` publishes it as a rule of the owner profile.,"None in Combat Lab: the owner profile is absent from `load_bands`, so `compile_fighter` has no band/profile pair for it; `load_hirelings` is the only maintained route.",none,"`mordheim_knowledge.campaign.load_hirelings`; Warband Manager campaign flows (`mordheim_campaign.application.knowledge_port`/`hire_eligibility`), not Combat Lab.",test_t13_hireling_command_matrix.py::test_hireling_origin_resolves_to_its_canonical_rule_node / test_hireling_origin_resolves_in_the_published_hireling_catalogue / test_no_hireling_profile_or_rule_is_part_of_band_construction / test_free_selection_build_does_not_apply_hireling_rules,referential-integrity; no-access-route; source-blocked,T13-Q170,T13-Q170 gates the clause (no construction/combat route either).,T13.3+T13.4+T13.5+T13.6
sources/2B/catalog/hirelings/mim-specialists.yaml#hireling.hired-sword.sister-of-sigmar#hireling.hired-sword.sister-of-sigmar.rule.blessing-of-sigmar,sources/knowledge/catalog/hirelings/hired-swords/grade-2b.yaml,hireling.hired-sword.sister-of-sigmar.rule.blessing-of-sigmar,hireling.hired-sword.sister-of-sigmar,hireling,construction,Sister of Sigmar: two of the named special skills from the source page.,"Exact two-skill grant, page identity and legality (T13-Q171).",Canonical catalogue node without a `runtime` block or binding; `load_hirelings` publishes it as a rule of the owner profile.,"None in Combat Lab: the owner profile is absent from `load_bands`, so `compile_fighter` has no band/profile pair for it; `load_hirelings` is the only maintained route.",none,"`mordheim_knowledge.campaign.load_hirelings`; Warband Manager campaign flows (`mordheim_campaign.application.knowledge_port`/`hire_eligibility`), not Combat Lab.",test_t13_hireling_command_matrix.py::test_hireling_origin_resolves_to_its_canonical_rule_node / test_hireling_origin_resolves_in_the_published_hireling_catalogue / test_no_hireling_profile_or_rule_is_part_of_band_construction / test_free_selection_build_does_not_apply_hireling_rules,referential-integrity; no-access-route; source-blocked,T13-Q171,T13-Q171 gates the clause (no construction/combat route either).,T13.6
sources/2B/catalog/hirelings/mim-specialists.yaml#hireling.hired-sword.sister-of-sigmar#hireling.hired-sword.sister-of-sigmar.rule.candle-tree,sources/knowledge/catalog/hirelings/hired-swords/grade-2b.yaml,hireling.hired-sword.sister-of-sigmar.rule.candle-tree,hireling.hired-sword.sister-of-sigmar,hireling,mixed,"Sister: the Arcane Candelabrum counts as holy relic, brazier and lantern, used one-handed; mutants taken OOA are captured.",Source one-handed composition and first required Ld test (T13-Q125); visibility and shooting excluded.,Canonical catalogue node without a `runtime` block or binding; `load_hirelings` publishes it as a rule of the owner profile.,"None in Combat Lab: the owner profile is absent from `load_bands`, so `compile_fighter` has no band/profile pair for it; `load_hirelings` is the only maintained route.",none,"`mordheim_knowledge.campaign.load_hirelings`; Warband Manager campaign flows (`mordheim_campaign.application.knowledge_port`/`hire_eligibility`), not Combat Lab.",test_t13_hireling_command_matrix.py::test_hireling_origin_resolves_to_its_canonical_rule_node / test_hireling_origin_resolves_in_the_published_hireling_catalogue / test_no_hireling_profile_or_rule_is_part_of_band_construction / test_free_selection_build_does_not_apply_hireling_rules,referential-integrity; no-access-route; source-blocked,T13-Q125,T13-Q125 gates the clause (no construction/combat route either).,T13.3+T13.4+T13.5+T13.6
sources/2B/catalog/hirelings/mim-specialists.yaml#hireling.hired-sword.midshipman#hireling.hired-sword.midshipman.rule.pilot,sources/knowledge/catalog/hirelings/hired-swords/grade-2b.yaml,hireling.hired-sword.midshipman.rule.pilot,hireling.hired-sword.midshipman,hireling,included,Boat piloted by the Midshipman: reroll one Propulsion Damage Chart result once; the second result stands.,"Explicit local boat, pilot and propulsion-damage event; consumed reroll (T13-Q172).",Canonical catalogue node without a `runtime` block or binding; `load_hirelings` publishes it as a rule of the owner profile.,"None in Combat Lab: the owner profile is absent from `load_bands`, so `compile_fighter` has no band/profile pair for it; `load_hirelings` is the only maintained route.",none,"`mordheim_knowledge.campaign.load_hirelings`; Warband Manager campaign flows (`mordheim_campaign.application.knowledge_port`/`hire_eligibility`), not Combat Lab.",test_t13_hireling_command_matrix.py::test_hireling_origin_resolves_to_its_canonical_rule_node / test_hireling_origin_resolves_in_the_published_hireling_catalogue / test_no_hireling_profile_or_rule_is_part_of_band_construction / test_free_selection_build_does_not_apply_hireling_rules,referential-integrity; no-access-route; source-blocked,T13-Q172,T13-Q172 gates the clause (no construction/combat route either).,T13.3+T13.4+T13.5+T13.6
sources/2B/catalog/hirelings/mim-specialists.yaml#hireling.hired-sword.midshipman#hireling.hired-sword.midshipman.rule.rigger,sources/knowledge/catalog/hirelings/hired-swords/grade-2b.yaml,hireling.hired-sword.midshipman.rule.rigger,hireling.hired-sword.midshipman,hireling,included,Stationary boat/barge in contact: repair one damaged or burning location after a full idle turn.,"Explicit boat component damage/fire state, one idle turn, no enemy contacts and repair selection.",Canonical catalogue node without a `runtime` block or binding; `load_hirelings` publishes it as a rule of the owner profile.,"None in Combat Lab: the owner profile is absent from `load_bands`, so `compile_fighter` has no band/profile pair for it; `load_hirelings` is the only maintained route.",none,"`mordheim_knowledge.campaign.load_hirelings`; Warband Manager campaign flows (`mordheim_campaign.application.knowledge_port`/`hire_eligibility`), not Combat Lab.",test_t13_hireling_command_matrix.py::test_hireling_origin_resolves_to_its_canonical_rule_node / test_hireling_origin_resolves_in_the_published_hireling_catalogue / test_no_hireling_profile_or_rule_is_part_of_band_construction / test_free_selection_build_does_not_apply_hireling_rules,referential-integrity; no-access-route,,No canonical construction/combat consumer exists for hireling profiles; hiring lifecycle belongs to Warband Manager.,T13.4+T13.6
sources/2B/catalog/hirelings/miracle-workers-priests.yaml#hireling.hired-sword.mariner-priest-of-manann#hireling.hired-sword.mariner-priest-of-manann.rule.prayers,sources/knowledge/catalog/hirelings/hired-swords/grade-2b.yaml,hireling.hired-sword.mariner-priest-of-manann.rule.prayers,hireling.hired-sword.mariner-priest-of-manann,hireling,mixed,Priest of Manann: named lore access; Mark of Manann available instead of a skill on a double advance.,"Exact priest/lore identity, not all marks at once; X4 prayer casting excluded; persistent Mark acquisition excluded.",Canonical catalogue node without a `runtime` block or binding; `load_hirelings` publishes it as a rule of the owner profile.,"None in Combat Lab: the owner profile is absent from `load_bands`, so `compile_fighter` has no band/profile pair for it; `load_hirelings` is the only maintained route.",none,"`mordheim_knowledge.campaign.load_hirelings`; Warband Manager campaign flows (`mordheim_campaign.application.knowledge_port`/`hire_eligibility`), not Combat Lab.",test_t13_hireling_command_matrix.py::test_hireling_origin_resolves_to_its_canonical_rule_node / test_hireling_origin_resolves_in_the_published_hireling_catalogue / test_no_hireling_profile_or_rule_is_part_of_band_construction / test_free_selection_build_does_not_apply_hireling_rules,referential-integrity; no-access-route,,No canonical construction/combat consumer exists for hireling profiles; hiring lifecycle belongs to Warband Manager.,T13.6
sources/2B/catalog/hirelings/miracle-workers-priests.yaml#hireling.hired-sword.mariner-priest-of-manann#hireling.hired-sword.mariner-priest-of-manann.rule.seafaring,sources/knowledge/catalog/hirelings/hired-swords/grade-2b.yaml,hireling.hired-sword.mariner-priest-of-manann.rule.seafaring,hireling.hired-sword.mariner-priest-of-manann,hireling,included,Priest of Manann rowing a boat: +2 Strength; other actions use ordinary Strength.,Rowing action and local boat movement contract (T13-Q173).,Canonical catalogue node without a `runtime` block or binding; `load_hirelings` publishes it as a rule of the owner profile.,"None in Combat Lab: the owner profile is absent from `load_bands`, so `compile_fighter` has no band/profile pair for it; `load_hirelings` is the only maintained route.",none,"`mordheim_knowledge.campaign.load_hirelings`; Warband Manager campaign flows (`mordheim_campaign.application.knowledge_port`/`hire_eligibility`), not Combat Lab.",test_t13_hireling_command_matrix.py::test_hireling_origin_resolves_to_its_canonical_rule_node / test_hireling_origin_resolves_in_the_published_hireling_catalogue / test_no_hireling_profile_or_rule_is_part_of_band_construction / test_free_selection_build_does_not_apply_hireling_rules,referential-integrity; no-access-route; source-blocked,T13-Q173,T13-Q173 gates the clause (no construction/combat route either).,T13.4+T13.6
sources/2B/catalog/hirelings/miracle-workers-priests.yaml#hireling.hired-sword.mariner-priest-of-manann#hireling.hired-sword.mariner-priest-of-manann.rule.marks-of-manann,sources/knowledge/catalog/hirelings/hired-swords/grade-2b.yaml,hireling.hired-sword.mariner-priest-of-manann.rule.marks-of-manann,hireling.hired-sword.mariner-priest-of-manann,hireling,included,Mark One with the Sea: cannot drown when falling into water; Webbed: becomes Aquatic.,Selected Mark and water-fall/drowning event (T13-Q174).,Canonical catalogue node without a `runtime` block or binding; `load_hirelings` publishes it as a rule of the owner profile.,"None in Combat Lab: the owner profile is absent from `load_bands`, so `compile_fighter` has no band/profile pair for it; `load_hirelings` is the only maintained route.",none,"`mordheim_knowledge.campaign.load_hirelings`; Warband Manager campaign flows (`mordheim_campaign.application.knowledge_port`/`hire_eligibility`), not Combat Lab.",test_t13_hireling_command_matrix.py::test_hireling_origin_resolves_to_its_canonical_rule_node / test_hireling_origin_resolves_in_the_published_hireling_catalogue / test_no_hireling_profile_or_rule_is_part_of_band_construction / test_free_selection_build_does_not_apply_hireling_rules,referential-integrity; no-access-route; source-blocked,T13-Q174,T13-Q174 gates the clause (no construction/combat route either).,T13.4+T13.6
sources/2B/catalog/hirelings/miracle-workers-priests.yaml#hireling.hired-sword.priest-of-morr#hireling.hired-sword.priest-of-morr.rule.prayers,sources/knowledge/catalog/hirelings/hired-swords/grade-2b.yaml,hireling.hired-sword.priest-of-morr-miracle-workers.rule.prayers,hireling.hired-sword.priest-of-morr-miracle-workers,hireling,mixed,Priest of Morr: named lore access; only one Mark of Morr may be chosen.,Exact priest/lore identity (Miracle Workers variant); X4 prayer casting excluded; persistent Mark acquisition excluded.,Canonical catalogue node without a `runtime` block or binding; `load_hirelings` publishes it as a rule of the owner profile.,"None in Combat Lab: the owner profile is absent from `load_bands`, so `compile_fighter` has no band/profile pair for it; `load_hirelings` is the only maintained route.",none,"`mordheim_knowledge.campaign.load_hirelings`; Warband Manager campaign flows (`mordheim_campaign.application.knowledge_port`/`hire_eligibility`), not Combat Lab.",test_t13_hireling_command_matrix.py::test_hireling_origin_resolves_to_its_canonical_rule_node / test_hireling_origin_resolves_in_the_published_hireling_catalogue / test_no_hireling_profile_or_rule_is_part_of_band_construction / test_free_selection_build_does_not_apply_hireling_rules,referential-integrity; no-access-route,,No canonical construction/combat consumer exists for hireling profiles; hiring lifecycle belongs to Warband Manager.,T13.6
sources/2B/catalog/hirelings/miracle-workers-priests.yaml#hireling.hired-sword.priest-of-morr#hireling.hired-sword.priest-of-morr.rule.strictures,sources/knowledge/catalog/hirelings/hired-swords/grade-2b.yaml,hireling.hired-sword.priest-of-morr-miracle-workers.rule.strictures,hireling.hired-sword.priest-of-morr-miracle-workers,hireling,construction,"Priest of Morr: starts and remains scythe and dagger only, no armour.","Miracle Workers variant, not the Town Cryer Morr.",Canonical catalogue node without a `runtime` block or binding; `load_hirelings` publishes it as a rule of the owner profile.,"None in Combat Lab: the owner profile is absent from `load_bands`, so `compile_fighter` has no band/profile pair for it; `load_hirelings` is the only maintained route.",none,"`mordheim_knowledge.campaign.load_hirelings`; Warband Manager campaign flows (`mordheim_campaign.application.knowledge_port`/`hire_eligibility`), not Combat Lab.",test_t13_hireling_command_matrix.py::test_hireling_origin_resolves_to_its_canonical_rule_node / test_hireling_origin_resolves_in_the_published_hireling_catalogue / test_no_hireling_profile_or_rule_is_part_of_band_construction / test_free_selection_build_does_not_apply_hireling_rules,referential-integrity; no-access-route,,No canonical construction/combat consumer exists for hireling profiles; hiring lifecycle belongs to Warband Manager.,T13.6
sources/2B/catalog/hirelings/miracle-workers-priests.yaml#hireling.hired-sword.priest-of-morr#hireling.hired-sword.priest-of-morr.rule.loner,sources/knowledge/catalog/hirelings/hired-swords/grade-2b.yaml,hireling.hired-sword.priest-of-morr-miracle-workers.rule.loner,hireling.hired-sword.priest-of-morr-miracle-workers,hireling,included,Priest of Morr: does not suffer All Alone.,All Alone condition classification.,Canonical catalogue node without a `runtime` block or binding; `load_hirelings` publishes it as a rule of the owner profile.,"None in Combat Lab: the owner profile is absent from `load_bands`, so `compile_fighter` has no band/profile pair for it; `load_hirelings` is the only maintained route.",none,"`mordheim_knowledge.campaign.load_hirelings`; Warband Manager campaign flows (`mordheim_campaign.application.knowledge_port`/`hire_eligibility`), not Combat Lab.",test_t13_hireling_command_matrix.py::test_hireling_origin_resolves_to_its_canonical_rule_node / test_hireling_origin_resolves_in_the_published_hireling_catalogue / test_no_hireling_profile_or_rule_is_part_of_band_construction / test_free_selection_build_does_not_apply_hireling_rules,referential-integrity; no-access-route,,No canonical construction/combat consumer exists for hireling profiles; hiring lifecycle belongs to Warband Manager.,T13.5+T13.6
sources/2B/catalog/hirelings/miracle-workers-priests.yaml#hireling.hired-sword.priest-of-morr#hireling.hired-sword.priest-of-morr.rule.morrs-servant,sources/knowledge/catalog/hirelings/hired-swords/grade-2b.yaml,hireling.hired-sword.priest-of-morr-miracle-workers.rule.morrs-servant,hireling.hired-sword.priest-of-morr-miracle-workers,hireling,included,Undead charging the Priest or charged by him: Leadership test or Fear; overrides Undead psychology exemptions.,"Undead target, charge direction and Fear failure branch (T13-Q175).",Canonical catalogue node without a `runtime` block or binding; `load_hirelings` publishes it as a rule of the owner profile.,"None in Combat Lab: the owner profile is absent from `load_bands`, so `compile_fighter` has no band/profile pair for it; `load_hirelings` is the only maintained route.",none,"`mordheim_knowledge.campaign.load_hirelings`; Warband Manager campaign flows (`mordheim_campaign.application.knowledge_port`/`hire_eligibility`), not Combat Lab.",test_t13_hireling_command_matrix.py::test_hireling_origin_resolves_to_its_canonical_rule_node / test_hireling_origin_resolves_in_the_published_hireling_catalogue / test_no_hireling_profile_or_rule_is_part_of_band_construction / test_free_selection_build_does_not_apply_hireling_rules,referential-integrity; no-access-route; source-blocked,T13-Q175,T13-Q175 gates the clause (no construction/combat route either).,T13.5+T13.6
sources/2B/catalog/hirelings/miracle-workers-priests.yaml#hireling.hired-sword.priest-of-morr#hireling.hired-sword.priest-of-morr.rule.marks-of-morr,sources/knowledge/catalog/hirelings/hired-swords/grade-2b.yaml,hireling.hired-sword.priest-of-morr-miracle-workers.rule.marks-of-morr,hireling.hired-sword.priest-of-morr-miracle-workers,hireling,mixed,"Augur: immune to psychology, one reroll, -1 Strength permanently; Haunted Mien: Black Guard career removes strictures and opens Strength access.","Selected Mark, Black Guard construction override and consumed reroll; disallowed prayer redetermination excluded X4.",Canonical catalogue node without a `runtime` block or binding; `load_hirelings` publishes it as a rule of the owner profile.,"None in Combat Lab: the owner profile is absent from `load_bands`, so `compile_fighter` has no band/profile pair for it; `load_hirelings` is the only maintained route.",none,"`mordheim_knowledge.campaign.load_hirelings`; Warband Manager campaign flows (`mordheim_campaign.application.knowledge_port`/`hire_eligibility`), not Combat Lab.",test_t13_hireling_command_matrix.py::test_hireling_origin_resolves_to_its_canonical_rule_node / test_hireling_origin_resolves_in_the_published_hireling_catalogue / test_no_hireling_profile_or_rule_is_part_of_band_construction / test_free_selection_build_does_not_apply_hireling_rules,referential-integrity; no-access-route,,No canonical construction/combat consumer exists for hireling profiles; hiring lifecycle belongs to Warband Manager.,T13.3+T13.4+T13.5+T13.6
sources/2B/catalog/hirelings/miracle-workers-priests.yaml#hireling.hired-sword.war-priestess-of-myrmidia#hireling.hired-sword.war-priestess-of-myrmidia.rule.prayers,sources/knowledge/catalog/hirelings/hired-swords/grade-2b.yaml,hireling.hired-sword.war-priestess-of-myrmidia.rule.prayers,hireling.hired-sword.war-priestess-of-myrmidia,hireling,mixed,War-Priestess of Myrmidia: named lore access; Mark of Myrmidia on a double advance.,Exact priest/lore identity; X4 prayer casting excluded.,Canonical catalogue node without a `runtime` block or binding; `load_hirelings` publishes it as a rule of the owner profile.,"None in Combat Lab: the owner profile is absent from `load_bands`, so `compile_fighter` has no band/profile pair for it; `load_hirelings` is the only maintained route.",none,"`mordheim_knowledge.campaign.load_hirelings`; Warband Manager campaign flows (`mordheim_campaign.application.knowledge_port`/`hire_eligibility`), not Combat Lab.",test_t13_hireling_command_matrix.py::test_hireling_origin_resolves_to_its_canonical_rule_node / test_hireling_origin_resolves_in_the_published_hireling_catalogue / test_no_hireling_profile_or_rule_is_part_of_band_construction / test_free_selection_build_does_not_apply_hireling_rules,referential-integrity; no-access-route,,No canonical construction/combat consumer exists for hireling profiles; hiring lifecycle belongs to Warband Manager.,T13.6
sources/2B/catalog/hirelings/miracle-workers-priests.yaml#hireling.hired-sword.war-priestess-of-myrmidia#hireling.hired-sword.war-priestess-of-myrmidia.rule.war-honed,sources/knowledge/catalog/hirelings/hired-swords/grade-2b.yaml,hireling.hired-sword.war-priestess-of-myrmidia.rule.war-honed,hireling.hired-sword.war-priestess-of-myrmidia,hireling,included,War-Priestess: immune to Fear; rerolls her first failed Leadership test each battle.,First-failed-Leadership semantics (not first attempt).,Canonical catalogue node without a `runtime` block or binding; `load_hirelings` publishes it as a rule of the owner profile.,"None in Combat Lab: the owner profile is absent from `load_bands`, so `compile_fighter` has no band/profile pair for it; `load_hirelings` is the only maintained route.",none,"`mordheim_knowledge.campaign.load_hirelings`; Warband Manager campaign flows (`mordheim_campaign.application.knowledge_port`/`hire_eligibility`), not Combat Lab.",test_t13_hireling_command_matrix.py::test_hireling_origin_resolves_to_its_canonical_rule_node / test_hireling_origin_resolves_in_the_published_hireling_catalogue / test_no_hireling_profile_or_rule_is_part_of_band_construction / test_free_selection_build_does_not_apply_hireling_rules,referential-integrity; no-access-route,,No canonical construction/combat consumer exists for hireling profiles; hiring lifecycle belongs to Warband Manager.,T13.3+T13.4+T13.5+T13.6
sources/2B/catalog/hirelings/miracle-workers-priests.yaml#hireling.hired-sword.war-priestess-of-myrmidia#hireling.hired-sword.war-priestess-of-myrmidia.rule.marks-of-myrmidia,sources/knowledge/catalog/hirelings/hired-swords/grade-2b.yaml,hireling.hired-sword.war-priestess-of-myrmidia.rule.marks-of-myrmidia,hireling.hired-sword.war-priestess-of-myrmidia,hireling,mixed,Oracle: one reroll per battle; Eagle Friend companion (repeatable) with the printed eagle profile.,Selected Mark and companion configuration (T13-Q176); eagle shooting excluded X3; priest death loses the eagle.,Canonical catalogue node without a `runtime` block or binding; `load_hirelings` publishes it as a rule of the owner profile.,"None in Combat Lab: the owner profile is absent from `load_bands`, so `compile_fighter` has no band/profile pair for it; `load_hirelings` is the only maintained route.",none,"`mordheim_knowledge.campaign.load_hirelings`; Warband Manager campaign flows (`mordheim_campaign.application.knowledge_port`/`hire_eligibility`), not Combat Lab.",test_t13_hireling_command_matrix.py::test_hireling_origin_resolves_to_its_canonical_rule_node / test_hireling_origin_resolves_in_the_published_hireling_catalogue / test_no_hireling_profile_or_rule_is_part_of_band_construction / test_free_selection_build_does_not_apply_hireling_rules,referential-integrity; no-access-route; source-blocked,T13-Q176,T13-Q176 gates the clause (no construction/combat route either).,T13.3+T13.4+T13.5+T13.6
sources/2B/catalog/hirelings/miracle-workers-priests.yaml#hireling.hired-sword.trickster-priest-of-ranald#hireling.hired-sword.trickster-priest-of-ranald.rule.prayers,sources/knowledge/catalog/hirelings/hired-swords/grade-2b.yaml,hireling.hired-sword.trickster-priest-of-ranald.rule.prayers,hireling.hired-sword.trickster-priest-of-ranald,hireling,mixed,Priest of Ranald (Handrich uses the same prayers): named lore access; Mark of Ranald on a double advance.,Exact priest/lore identity; X4 prayer casting excluded.,Canonical catalogue node without a `runtime` block or binding; `load_hirelings` publishes it as a rule of the owner profile.,"None in Combat Lab: the owner profile is absent from `load_bands`, so `compile_fighter` has no band/profile pair for it; `load_hirelings` is the only maintained route.",none,"`mordheim_knowledge.campaign.load_hirelings`; Warband Manager campaign flows (`mordheim_campaign.application.knowledge_port`/`hire_eligibility`), not Combat Lab.",test_t13_hireling_command_matrix.py::test_hireling_origin_resolves_to_its_canonical_rule_node / test_hireling_origin_resolves_in_the_published_hireling_catalogue / test_no_hireling_profile_or_rule_is_part_of_band_construction / test_free_selection_build_does_not_apply_hireling_rules,referential-integrity; no-access-route,,No canonical construction/combat consumer exists for hireling profiles; hiring lifecycle belongs to Warband Manager.,T13.6
sources/2B/catalog/hirelings/miracle-workers-priests.yaml#hireling.hired-sword.trickster-priest-of-ranald#hireling.hired-sword.trickster-priest-of-ranald.rule.strictures,sources/knowledge/catalog/hirelings/hired-swords/grade-2b.yaml,hireling.hired-sword.trickster-priest-of-ranald.rule.strictures,hireling.hired-sword.trickster-priest-of-ranald,hireling,mixed,"Priest of Ranald: dagger, throwing knives and stiletto (counts as Sword) only; no armour; Haggle and Streetwise.",Stiletto-as-Sword equivalence; throwing-knife resolution excluded X3; trading excluded.,Canonical catalogue node without a `runtime` block or binding; `load_hirelings` publishes it as a rule of the owner profile.,"None in Combat Lab: the owner profile is absent from `load_bands`, so `compile_fighter` has no band/profile pair for it; `load_hirelings` is the only maintained route.",none,"`mordheim_knowledge.campaign.load_hirelings`; Warband Manager campaign flows (`mordheim_campaign.application.knowledge_port`/`hire_eligibility`), not Combat Lab.",test_t13_hireling_command_matrix.py::test_hireling_origin_resolves_to_its_canonical_rule_node / test_hireling_origin_resolves_in_the_published_hireling_catalogue / test_no_hireling_profile_or_rule_is_part_of_band_construction / test_free_selection_build_does_not_apply_hireling_rules,referential-integrity; no-access-route,,No canonical construction/combat consumer exists for hireling profiles; hiring lifecycle belongs to Warband Manager.,T13.6
sources/2B/catalog/hirelings/miracle-workers-priests.yaml#hireling.hired-sword.trickster-priest-of-ranald#hireling.hired-sword.trickster-priest-of-ranald.rule.marks-of-ranald,sources/knowledge/catalog/hirelings/hired-swords/grade-2b.yaml,hireling.hired-sword.trickster-priest-of-ranald.rule.marks-of-ranald,hireling.hired-sword.trickster-priest-of-ranald,hireling,mixed,Ranald's Luck: +/-1 on one own roll per battle; unmodifiable 6+ dodge before critical effects; Cat Friend companion intercepts charges.,"First-roll resource, local cat/charge facts (T13-Q177); X4 casting excluded.",Canonical catalogue node without a `runtime` block or binding; `load_hirelings` publishes it as a rule of the owner profile.,"None in Combat Lab: the owner profile is absent from `load_bands`, so `compile_fighter` has no band/profile pair for it; `load_hirelings` is the only maintained route.",none,"`mordheim_knowledge.campaign.load_hirelings`; Warband Manager campaign flows (`mordheim_campaign.application.knowledge_port`/`hire_eligibility`), not Combat Lab.",test_t13_hireling_command_matrix.py::test_hireling_origin_resolves_to_its_canonical_rule_node / test_hireling_origin_resolves_in_the_published_hireling_catalogue / test_no_hireling_profile_or_rule_is_part_of_band_construction / test_free_selection_build_does_not_apply_hireling_rules,referential-integrity; no-access-route; source-blocked,T13-Q177,T13-Q177 gates the clause (no construction/combat route either).,T13.3+T13.4+T13.5+T13.6
sources/2B/catalog/hirelings/miracle-workers-priests.yaml#hireling.hired-sword.priestess-of-shallya#hireling.hired-sword.priestess-of-shallya.rule.prayers,sources/knowledge/catalog/hirelings/hired-swords/grade-2b.yaml,hireling.hired-sword.priestess-of-shallya.rule.prayers,hireling.hired-sword.priestess-of-shallya,hireling,mixed,Priestess of Shallya: named lore access; Mark of Shallya on a double advance.,Exact priest/lore identity; X4 prayer casting excluded.,Canonical catalogue node without a `runtime` block or binding; `load_hirelings` publishes it as a rule of the owner profile.,"None in Combat Lab: the owner profile is absent from `load_bands`, so `compile_fighter` has no band/profile pair for it; `load_hirelings` is the only maintained route.",none,"`mordheim_knowledge.campaign.load_hirelings`; Warband Manager campaign flows (`mordheim_campaign.application.knowledge_port`/`hire_eligibility`), not Combat Lab.",test_t13_hireling_command_matrix.py::test_hireling_origin_resolves_to_its_canonical_rule_node / test_hireling_origin_resolves_in_the_published_hireling_catalogue / test_no_hireling_profile_or_rule_is_part_of_band_construction / test_free_selection_build_does_not_apply_hireling_rules,referential-integrity; no-access-route,,No canonical construction/combat consumer exists for hireling profiles; hiring lifecycle belongs to Warband Manager.,T13.6
sources/2B/catalog/hirelings/miracle-workers-priests.yaml#hireling.hired-sword.priestess-of-shallya#hireling.hired-sword.priestess-of-shallya.rule.strictures,sources/knowledge/catalog/hirelings/hired-swords/grade-2b.yaml,hireling.hired-sword.priestess-of-shallya.rule.strictures,hireling.hired-sword.priestess-of-shallya,hireling,included,"Priestess of Shallya: walking staff only, no armour; may charge only Carnival of Chaos or Onogal servants.",Charge target classification and mandatory staff (T13-Q178).,Canonical catalogue node without a `runtime` block or binding; `load_hirelings` publishes it as a rule of the owner profile.,"None in Combat Lab: the owner profile is absent from `load_bands`, so `compile_fighter` has no band/profile pair for it; `load_hirelings` is the only maintained route.",none,"`mordheim_knowledge.campaign.load_hirelings`; Warband Manager campaign flows (`mordheim_campaign.application.knowledge_port`/`hire_eligibility`), not Combat Lab.",test_t13_hireling_command_matrix.py::test_hireling_origin_resolves_to_its_canonical_rule_node / test_hireling_origin_resolves_in_the_published_hireling_catalogue / test_no_hireling_profile_or_rule_is_part_of_band_construction / test_free_selection_build_does_not_apply_hireling_rules,referential-integrity; no-access-route; source-blocked,T13-Q178,T13-Q178 gates the clause (no construction/combat route either).,T13.6
sources/2B/catalog/hirelings/miracle-workers-priests.yaml#hireling.hired-sword.priestess-of-shallya#hireling.hired-sword.priestess-of-shallya.rule.mercy,sources/knowledge/catalog/hirelings/hired-swords/grade-2b.yaml,hireling.hired-sword.priestess-of-shallya.rule.mercy,hireling.hired-sword.priestess-of-shallya,hireling,mixed,Any model in contact with the Priestess: recovers 1 Wound once per battle.,Wounded target in contact and once-per-battle resource (T13-Q179); Apothecary +1 excluded.,Canonical catalogue node without a `runtime` block or binding; `load_hirelings` publishes it as a rule of the owner profile.,"None in Combat Lab: the owner profile is absent from `load_bands`, so `compile_fighter` has no band/profile pair for it; `load_hirelings` is the only maintained route.",none,"`mordheim_knowledge.campaign.load_hirelings`; Warband Manager campaign flows (`mordheim_campaign.application.knowledge_port`/`hire_eligibility`), not Combat Lab.",test_t13_hireling_command_matrix.py::test_hireling_origin_resolves_to_its_canonical_rule_node / test_hireling_origin_resolves_in_the_published_hireling_catalogue / test_no_hireling_profile_or_rule_is_part_of_band_construction / test_free_selection_build_does_not_apply_hireling_rules,referential-integrity; no-access-route; source-blocked,T13-Q179,T13-Q179 gates the clause (no construction/combat route either).,T13.3+T13.4+T13.5+T13.6
sources/2B/catalog/hirelings/miracle-workers-priests.yaml#hireling.hired-sword.priestess-of-shallya#hireling.hired-sword.priestess-of-shallya.rule.marks-of-shallya,sources/knowledge/catalog/hirelings/hired-swords/grade-2b.yaml,hireling.hired-sword.priestess-of-shallya.rule.marks-of-shallya,hireling.hired-sword.priestess-of-shallya,hireling,mixed,"Healing Hands: contact recovers 2 Wounds once; Tranquil Aura: all within 2"" suffer -1 WS (Daemons/Undead exceptions).","Selected Mark, local 2"" participants and immunity classes (T13-Q180); aura -1 BS excluded X3.",Canonical catalogue node without a `runtime` block or binding; `load_hirelings` publishes it as a rule of the owner profile.,"None in Combat Lab: the owner profile is absent from `load_bands`, so `compile_fighter` has no band/profile pair for it; `load_hirelings` is the only maintained route.",none,"`mordheim_knowledge.campaign.load_hirelings`; Warband Manager campaign flows (`mordheim_campaign.application.knowledge_port`/`hire_eligibility`), not Combat Lab.",test_t13_hireling_command_matrix.py::test_hireling_origin_resolves_to_its_canonical_rule_node / test_hireling_origin_resolves_in_the_published_hireling_catalogue / test_no_hireling_profile_or_rule_is_part_of_band_construction / test_free_selection_build_does_not_apply_hireling_rules,referential-integrity; no-access-route; source-blocked,T13-Q180,T13-Q180 gates the clause (no construction/combat route either).,T13.3+T13.5+T13.6
sources/2B/catalog/hirelings/miracle-workers-priests.yaml#hireling.hired-sword.warrior-priest-of-sigmar#hireling.hired-sword.warrior-priest-of-sigmar.rule.prayers,sources/knowledge/catalog/hirelings/hired-swords/grade-2b.yaml,hireling.hired-sword.warrior-priest-of-sigmar-miracle-workers.rule.prayers,hireling.hired-sword.warrior-priest-of-sigmar-miracle-workers,hireling,mixed,Warrior-Priest of Sigmar: named lore access; Mark of Sigmar on a double advance.,Exact priest/lore identity; X4 prayer casting excluded.,Canonical catalogue node without a `runtime` block or binding; `load_hirelings` publishes it as a rule of the owner profile.,"None in Combat Lab: the owner profile is absent from `load_bands`, so `compile_fighter` has no band/profile pair for it; `load_hirelings` is the only maintained route.",none,"`mordheim_knowledge.campaign.load_hirelings`; Warband Manager campaign flows (`mordheim_campaign.application.knowledge_port`/`hire_eligibility`), not Combat Lab.",test_t13_hireling_command_matrix.py::test_hireling_origin_resolves_to_its_canonical_rule_node / test_hireling_origin_resolves_in_the_published_hireling_catalogue / test_no_hireling_profile_or_rule_is_part_of_band_construction / test_free_selection_build_does_not_apply_hireling_rules,referential-integrity; no-access-route,,No canonical construction/combat consumer exists for hireling profiles; hiring lifecycle belongs to Warband Manager.,T13.6
sources/2B/catalog/hirelings/miracle-workers-priests.yaml#hireling.hired-sword.warrior-priest-of-sigmar#hireling.hired-sword.warrior-priest-of-sigmar.rule.marks-of-sigmar,sources/knowledge/catalog/hirelings/hired-swords/grade-2b.yaml,hireling.hired-sword.warrior-priest-of-sigmar-miracle-workers.rule.marks-of-sigmar,hireling.hired-sword.warrior-priest-of-sigmar-miracle-workers,hireling,mixed,"Enlightened: automatically passes Leadership tests against Orcs & Goblins and Chaos; Symbol of Unity: specified human attackers within 3"" suffer -1 to hit when both are within 3"".","Selected Mark, attacker faction and distances (T13-Q181); shooting component excluded X3.",Canonical catalogue node without a `runtime` block or binding; `load_hirelings` publishes it as a rule of the owner profile.,"None in Combat Lab: the owner profile is absent from `load_bands`, so `compile_fighter` has no band/profile pair for it; `load_hirelings` is the only maintained route.",none,"`mordheim_knowledge.campaign.load_hirelings`; Warband Manager campaign flows (`mordheim_campaign.application.knowledge_port`/`hire_eligibility`), not Combat Lab.",test_t13_hireling_command_matrix.py::test_hireling_origin_resolves_to_its_canonical_rule_node / test_hireling_origin_resolves_in_the_published_hireling_catalogue / test_no_hireling_profile_or_rule_is_part_of_band_construction / test_free_selection_build_does_not_apply_hireling_rules,referential-integrity; no-access-route; source-blocked,T13-Q181,T13-Q181 gates the clause (no construction/combat route either).,T13.5+T13.6
sources/2B/catalog/hirelings/miracle-workers-priests.yaml#hireling.hired-sword.druid-priest-of-taal#hireling.hired-sword.druid-priest-of-taal.rule.prayers,sources/knowledge/catalog/hirelings/hired-swords/grade-2b.yaml,hireling.hired-sword.druid-priest-of-taal.rule.prayers,hireling.hired-sword.druid-priest-of-taal,hireling,mixed,Priest of Taal: named lore access; Mark of Taal on a double advance.,Exact priest/lore identity; X4 prayer casting excluded.,Canonical catalogue node without a `runtime` block or binding; `load_hirelings` publishes it as a rule of the owner profile.,"None in Combat Lab: the owner profile is absent from `load_bands`, so `compile_fighter` has no band/profile pair for it; `load_hirelings` is the only maintained route.",none,"`mordheim_knowledge.campaign.load_hirelings`; Warband Manager campaign flows (`mordheim_campaign.application.knowledge_port`/`hire_eligibility`), not Combat Lab.",test_t13_hireling_command_matrix.py::test_hireling_origin_resolves_to_its_canonical_rule_node / test_hireling_origin_resolves_in_the_published_hireling_catalogue / test_no_hireling_profile_or_rule_is_part_of_band_construction / test_free_selection_build_does_not_apply_hireling_rules,referential-integrity; no-access-route,,No canonical construction/combat consumer exists for hireling profiles; hiring lifecycle belongs to Warband Manager.,T13.6
sources/2B/catalog/hirelings/miracle-workers-priests.yaml#hireling.hired-sword.druid-priest-of-taal#hireling.hired-sword.druid-priest-of-taal.rule.strictures,sources/knowledge/catalog/hirelings/hired-swords/grade-2b.yaml,hireling.hired-sword.druid-priest-of-taal.rule.strictures,hireling.hired-sword.druid-priest-of-taal,hireling,construction,"Priest of Taal: no heavy armour, no blackpowder weapons; other light armour is not automatically prohibited.",Heavy-armour category and blackpowder item tokens.,Canonical catalogue node without a `runtime` block or binding; `load_hirelings` publishes it as a rule of the owner profile.,"None in Combat Lab: the owner profile is absent from `load_bands`, so `compile_fighter` has no band/profile pair for it; `load_hirelings` is the only maintained route.",none,"`mordheim_knowledge.campaign.load_hirelings`; Warband Manager campaign flows (`mordheim_campaign.application.knowledge_port`/`hire_eligibility`), not Combat Lab.",test_t13_hireling_command_matrix.py::test_hireling_origin_resolves_to_its_canonical_rule_node / test_hireling_origin_resolves_in_the_published_hireling_catalogue / test_no_hireling_profile_or_rule_is_part_of_band_construction / test_free_selection_build_does_not_apply_hireling_rules,referential-integrity; no-access-route,,No canonical construction/combat consumer exists for hireling profiles; hiring lifecycle belongs to Warband Manager.,T13.6
sources/2B/catalog/hirelings/miracle-workers-priests.yaml#hireling.hired-sword.druid-priest-of-taal#hireling.hired-sword.druid-priest-of-taal.rule.marks-of-taal,sources/knowledge/catalog/hirelings/hired-swords/grade-2b.yaml,hireling.hired-sword.druid-priest-of-taal.rule.marks-of-taal,hireling.hired-sword.druid-priest-of-taal,hireling,included,"Tranquil Fauna: ordinary animals never attack; handler-controlled or large predators pass handler Leadership; Flora: push non-Taalites 3"" for D3 turns once per battle.","Animal/handler/predatory classifications, distances and chosen duration (T13-Q182).",Canonical catalogue node without a `runtime` block or binding; `load_hirelings` publishes it as a rule of the owner profile.,"None in Combat Lab: the owner profile is absent from `load_bands`, so `compile_fighter` has no band/profile pair for it; `load_hirelings` is the only maintained route.",none,"`mordheim_knowledge.campaign.load_hirelings`; Warband Manager campaign flows (`mordheim_campaign.application.knowledge_port`/`hire_eligibility`), not Combat Lab.",test_t13_hireling_command_matrix.py::test_hireling_origin_resolves_to_its_canonical_rule_node / test_hireling_origin_resolves_in_the_published_hireling_catalogue / test_no_hireling_profile_or_rule_is_part_of_band_construction / test_free_selection_build_does_not_apply_hireling_rules,referential-integrity; no-access-route; source-blocked,T13-Q182,T13-Q182 gates the clause (no construction/combat route either).,T13.3+T13.4+T13.5+T13.6
sources/2B/catalog/hirelings/miracle-workers-priests.yaml#hireling.hired-sword.wolf-priest-of-ulric#hireling.hired-sword.wolf-priest-of-ulric.rule.prayers,sources/knowledge/catalog/hirelings/hired-swords/grade-2b.yaml,hireling.hired-sword.wolf-priest-of-ulric-miracle-workers.rule.prayers,hireling.hired-sword.wolf-priest-of-ulric-miracle-workers,hireling,mixed,Wolf-Priest of Ulric: named lore access; Mark of Ulric on a double advance.,Exact priest/lore identity; X4 prayer casting excluded.,Canonical catalogue node without a `runtime` block or binding; `load_hirelings` publishes it as a rule of the owner profile.,"None in Combat Lab: the owner profile is absent from `load_bands`, so `compile_fighter` has no band/profile pair for it; `load_hirelings` is the only maintained route.",none,"`mordheim_knowledge.campaign.load_hirelings`; Warband Manager campaign flows (`mordheim_campaign.application.knowledge_port`/`hire_eligibility`), not Combat Lab.",test_t13_hireling_command_matrix.py::test_hireling_origin_resolves_to_its_canonical_rule_node / test_hireling_origin_resolves_in_the_published_hireling_catalogue / test_no_hireling_profile_or_rule_is_part_of_band_construction / test_free_selection_build_does_not_apply_hireling_rules,referential-integrity; no-access-route,,No canonical construction/combat consumer exists for hireling profiles; hiring lifecycle belongs to Warband Manager.,T13.6
sources/2B/catalog/hirelings/miracle-workers-priests.yaml#hireling.hired-sword.wolf-priest-of-ulric#hireling.hired-sword.wolf-priest-of-ulric.rule.strictures,sources/knowledge/catalog/hirelings/hired-swords/grade-2b.yaml,hireling.hired-sword.wolf-priest-of-ulric-miracle-workers.rule.strictures,hireling.hired-sword.wolf-priest-of-ulric-miracle-workers,hireling,mixed,"Wolf-Priest of Ulric: no armour except the white wolf pelt 6+ save; blackpowder weapons, crossbows and helmets not favoured.",Exact Miracle Workers variant (T13-Q183).,Canonical catalogue node without a `runtime` block or binding; `load_hirelings` publishes it as a rule of the owner profile.,"None in Combat Lab: the owner profile is absent from `load_bands`, so `compile_fighter` has no band/profile pair for it; `load_hirelings` is the only maintained route.",none,"`mordheim_knowledge.campaign.load_hirelings`; Warband Manager campaign flows (`mordheim_campaign.application.knowledge_port`/`hire_eligibility`), not Combat Lab.",test_t13_hireling_command_matrix.py::test_hireling_origin_resolves_to_its_canonical_rule_node / test_hireling_origin_resolves_in_the_published_hireling_catalogue / test_no_hireling_profile_or_rule_is_part_of_band_construction / test_free_selection_build_does_not_apply_hireling_rules,referential-integrity; no-access-route; source-blocked,T13-Q183,T13-Q183 gates the clause (no construction/combat route either).,T13.6
sources/2B/catalog/hirelings/miracle-workers-priests.yaml#hireling.hired-sword.wolf-priest-of-ulric#hireling.hired-sword.wolf-priest-of-ulric.rule.intense-rivals,sources/knowledge/catalog/hirelings/hired-swords/grade-2b.yaml,hireling.hired-sword.wolf-priest-of-ulric-miracle-workers.rule.intense-rivals,hireling.hired-sword.wolf-priest-of-ulric-miracle-workers,hireling,included,"Wolf-Priest hates Witch Hunters, Warrior-Priests of Sigmar, Sigmarite Matriarchs and Sisters of Sigmar.",Exact recipient classifier.,Canonical catalogue node without a `runtime` block or binding; `load_hirelings` publishes it as a rule of the owner profile.,"None in Combat Lab: the owner profile is absent from `load_bands`, so `compile_fighter` has no band/profile pair for it; `load_hirelings` is the only maintained route.",none,"`mordheim_knowledge.campaign.load_hirelings`; Warband Manager campaign flows (`mordheim_campaign.application.knowledge_port`/`hire_eligibility`), not Combat Lab.",test_t13_hireling_command_matrix.py::test_hireling_origin_resolves_to_its_canonical_rule_node / test_hireling_origin_resolves_in_the_published_hireling_catalogue / test_no_hireling_profile_or_rule_is_part_of_band_construction / test_free_selection_build_does_not_apply_hireling_rules,referential-integrity; no-access-route,,No canonical construction/combat consumer exists for hireling profiles; hiring lifecycle belongs to Warband Manager.,T13.5+T13.6
sources/2B/catalog/hirelings/miracle-workers-priests.yaml#hireling.hired-sword.wolf-priest-of-ulric#hireling.hired-sword.wolf-priest-of-ulric.rule.marks-of-ulric,sources/knowledge/catalog/hirelings/hired-swords/grade-2b.yaml,hireling.hired-sword.wolf-priest-of-ulric-miracle-workers.rule.marks-of-ulric,hireling.hired-sword.wolf-priest-of-ulric-miracle-workers,hireling,mixed,"Son of Ulric: unarmed without penalties, cannot be disarmed, -1 BS, immunity to non-magical cold; Wolf Friend companion with the printed profile.","Selected Mark, companion configuration and owner-OOA branch; magical cold exception excluded X4.",Canonical catalogue node without a `runtime` block or binding; `load_hirelings` publishes it as a rule of the owner profile.,"None in Combat Lab: the owner profile is absent from `load_bands`, so `compile_fighter` has no band/profile pair for it; `load_hirelings` is the only maintained route.",none,"`mordheim_knowledge.campaign.load_hirelings`; Warband Manager campaign flows (`mordheim_campaign.application.knowledge_port`/`hire_eligibility`), not Combat Lab.",test_t13_hireling_command_matrix.py::test_hireling_origin_resolves_to_its_canonical_rule_node / test_hireling_origin_resolves_in_the_published_hireling_catalogue / test_no_hireling_profile_or_rule_is_part_of_band_construction / test_free_selection_build_does_not_apply_hireling_rules,referential-integrity; no-access-route,,No canonical construction/combat consumer exists for hireling profiles; hiring lifecycle belongs to Warband Manager.,T13.3+T13.4+T13.5+T13.6
sources/2B/catalog/hirelings/miracle-workers-priests.yaml#hireling.hired-sword.priest-of-verena#hireling.hired-sword.priest-of-verena.rule.prayers,sources/knowledge/catalog/hirelings/hired-swords/grade-2b.yaml,hireling.hired-sword.priest-of-verena.rule.prayers,hireling.hired-sword.priest-of-verena,hireling,mixed,Priest of Verena (War-Priests of Solkan use the same prayers): named lore access; Mark on a double advance.,Exact priest/lore identity; X4 prayer casting excluded.,Canonical catalogue node without a `runtime` block or binding; `load_hirelings` publishes it as a rule of the owner profile.,"None in Combat Lab: the owner profile is absent from `load_bands`, so `compile_fighter` has no band/profile pair for it; `load_hirelings` is the only maintained route.",none,"`mordheim_knowledge.campaign.load_hirelings`; Warband Manager campaign flows (`mordheim_campaign.application.knowledge_port`/`hire_eligibility`), not Combat Lab.",test_t13_hireling_command_matrix.py::test_hireling_origin_resolves_to_its_canonical_rule_node / test_hireling_origin_resolves_in_the_published_hireling_catalogue / test_no_hireling_profile_or_rule_is_part_of_band_construction / test_free_selection_build_does_not_apply_hireling_rules,referential-integrity; no-access-route,,No canonical construction/combat consumer exists for hireling profiles; hiring lifecycle belongs to Warband Manager.,T13.6
sources/2B/catalog/hirelings/miracle-workers-priests.yaml#hireling.hired-sword.priest-of-verena#hireling.hired-sword.priest-of-verena.rule.strictures,sources/knowledge/catalog/hirelings/hired-swords/grade-2b.yaml,hireling.hired-sword.priest-of-verena.rule.strictures,hireling.hired-sword.priest-of-verena,hireling,construction,Priest of Verena: may only be armed with a sword.,Sword category.,Canonical catalogue node without a `runtime` block or binding; `load_hirelings` publishes it as a rule of the owner profile.,"None in Combat Lab: the owner profile is absent from `load_bands`, so `compile_fighter` has no band/profile pair for it; `load_hirelings` is the only maintained route.",none,"`mordheim_knowledge.campaign.load_hirelings`; Warband Manager campaign flows (`mordheim_campaign.application.knowledge_port`/`hire_eligibility`), not Combat Lab.",test_t13_hireling_command_matrix.py::test_hireling_origin_resolves_to_its_canonical_rule_node / test_hireling_origin_resolves_in_the_published_hireling_catalogue / test_no_hireling_profile_or_rule_is_part_of_band_construction / test_free_selection_build_does_not_apply_hireling_rules,referential-integrity; no-access-route,,No canonical construction/combat consumer exists for hireling profiles; hiring lifecycle belongs to Warband Manager.,T13.6
sources/2B/catalog/hirelings/miracle-workers-priests.yaml#hireling.hired-sword.priest-of-verena#hireling.hired-sword.priest-of-verena.rule.marks-of-solkan,sources/knowledge/catalog/hirelings/hired-swords/grade-2b.yaml,hireling.hired-sword.priest-of-verena.rule.marks-of-solkan,hireling.hired-sword.priest-of-verena,hireling,mixed,War-Priest of Solkan: Strength skill access; Mark of Solkan; Witch-finder sense and charge declaration.,"Selected Mark, charge target and sixth-sense facts (T13-Q184).",Canonical catalogue node without a `runtime` block or binding; `load_hirelings` publishes it as a rule of the owner profile.,"None in Combat Lab: the owner profile is absent from `load_bands`, so `compile_fighter` has no band/profile pair for it; `load_hirelings` is the only maintained route.",none,"`mordheim_knowledge.campaign.load_hirelings`; Warband Manager campaign flows (`mordheim_campaign.application.knowledge_port`/`hire_eligibility`), not Combat Lab.",test_t13_hireling_command_matrix.py::test_hireling_origin_resolves_to_its_canonical_rule_node / test_hireling_origin_resolves_in_the_published_hireling_catalogue / test_no_hireling_profile_or_rule_is_part_of_band_construction / test_free_selection_build_does_not_apply_hireling_rules,referential-integrity; no-access-route; source-blocked,T13-Q184,T13-Q184 gates the clause (no construction/combat route either).,T13.3+T13.4+T13.5+T13.6
sources/2B/catalog/hirelings/rel-relics-hirelings.yaml#hireling.hired-sword.crimashin#hireling.hired-sword.crimashin.rule.infiltrate,sources/knowledge/catalog/hirelings/hired-swords/grade-2b.yaml,hireling.hired-sword.crimashin.rule.infiltrate,hireling.hired-sword.crimashin,hireling,mixed,Crimashin: starts with the Infiltrate skill; may choose from the Combat and Speed lists.,Infiltrate skill identity and skill-list access.,Canonical catalogue node without a `runtime` block or binding; `load_hirelings` publishes it as a rule of the owner profile.,"None in Combat Lab: the owner profile is absent from `load_bands`, so `compile_fighter` has no band/profile pair for it; `load_hirelings` is the only maintained route.",none,"`mordheim_knowledge.campaign.load_hirelings`; Warband Manager campaign flows (`mordheim_campaign.application.knowledge_port`/`hire_eligibility`), not Combat Lab.",test_t13_hireling_command_matrix.py::test_hireling_origin_resolves_to_its_canonical_rule_node / test_hireling_origin_resolves_in_the_published_hireling_catalogue / test_no_hireling_profile_or_rule_is_part_of_band_construction / test_free_selection_build_does_not_apply_hireling_rules,referential-integrity; no-access-route,,No canonical construction/combat consumer exists for hireling profiles; hiring lifecycle belongs to Warband Manager.,T13.6
sources/2B/catalog/hirelings/rel-relics-hirelings.yaml#hireling.hired-sword.holy-man#hireling.hired-sword.holy-man.rule.true-believer,sources/knowledge/catalog/hirelings/hired-swords/grade-2b.yaml,hireling.hired-sword.holy-man.rule.true-believer,hireling.hired-sword.holy-man,hireling,mixed,Holy Man: starts with two spells from the Divine Intervention list (the Prayers of Sigmar).,Spell-list identity and two-spell grant (T13-Q185); X4 casting excluded.,Canonical catalogue node without a `runtime` block or binding; `load_hirelings` publishes it as a rule of the owner profile.,"None in Combat Lab: the owner profile is absent from `load_bands`, so `compile_fighter` has no band/profile pair for it; `load_hirelings` is the only maintained route.",none,"`mordheim_knowledge.campaign.load_hirelings`; Warband Manager campaign flows (`mordheim_campaign.application.knowledge_port`/`hire_eligibility`), not Combat Lab.",test_t13_hireling_command_matrix.py::test_hireling_origin_resolves_to_its_canonical_rule_node / test_hireling_origin_resolves_in_the_published_hireling_catalogue / test_no_hireling_profile_or_rule_is_part_of_band_construction / test_free_selection_build_does_not_apply_hireling_rules,referential-integrity; no-access-route; source-blocked,T13-Q185,T13-Q185 gates the clause (no construction/combat route either).,T13.6
sources/2B/catalog/hirelings/rel-relics-hirelings.yaml#hireling.hired-sword.holy-man#hireling.hired-sword.holy-man.rule.skills,sources/knowledge/catalog/hirelings/hired-swords/grade-2b.yaml,hireling.hired-sword.holy-man.rule.skills,hireling.hired-sword.holy-man,hireling,mixed,Holy Man: may choose from the Strength and Holy lists on advance.,Skill-list access identity.,Canonical catalogue node without a `runtime` block or binding; `load_hirelings` publishes it as a rule of the owner profile.,"None in Combat Lab: the owner profile is absent from `load_bands`, so `compile_fighter` has no band/profile pair for it; `load_hirelings` is the only maintained route.",none,"`mordheim_knowledge.campaign.load_hirelings`; Warband Manager campaign flows (`mordheim_campaign.application.knowledge_port`/`hire_eligibility`), not Combat Lab.",test_t13_hireling_command_matrix.py::test_hireling_origin_resolves_to_its_canonical_rule_node / test_hireling_origin_resolves_in_the_published_hireling_catalogue / test_no_hireling_profile_or_rule_is_part_of_band_construction / test_free_selection_build_does_not_apply_hireling_rules,referential-integrity; no-access-route,,No canonical construction/combat consumer exists for hireling profiles; hiring lifecycle belongs to Warband Manager.,T13.6
