origin_key,canonical_object,kind,recipients_configuration,prerequisite,binding,real_path,compiled_property,test_or_case,status,blocker
sources/2A/bands/mordheim/dreamwalkers-cult-of-morr-fbg/special-rules.yaml#band--special-skill-inspiring-presence#unimplemented.dreamwalkers-cult-of-morr-fbg.special-skill.inspiring-presence,sources/knowledge/bands/mordheim/dreamwalkers-cult-of-morr-fbg/special-rules.yaml#band--special-skill-inspiring-presence,band-rule / warband_skill (grant selectable),band-wide; requires the 'special' skill access,runtime.implemented=NO; selection reaches the executable-runtime gate,-,"compile_fighter(FighterBuild(""mordheim"", band_id=""dreamwalkers-cult-of-morr-fbg"", profile_id=""dreamer"", special_rule_ids=(""band--special-skill-inspiring-presence"",))) -> refused",-,test_pending_selectable_origins_refuse_with_their_published_source_reason,pendiente de implementación,runtime reason: Leadership-range modification: deferred to the psychology engine milestone.
sources/2A/bands/mordheim/dreamwalkers-cult-of-morr-fbg/special-rules.yaml#band--special-skill-fanatical#unimplemented.dreamwalkers-cult-of-morr-fbg.special-skill.fanatical,sources/knowledge/bands/mordheim/dreamwalkers-cult-of-morr-fbg/special-rules.yaml#band--special-skill-fanatical,band-rule / warband_skill (grant selectable),band-wide; requires the 'special' skill access,runtime.implemented=NO; selection reaches the executable-runtime gate,-,"compile_fighter(FighterBuild(""mordheim"", band_id=""dreamwalkers-cult-of-morr-fbg"", profile_id=""dreamer"", special_rule_ids=(""band--special-skill-fanatical"",))) -> refused",-,test_pending_selectable_origins_refuse_with_their_published_source_reason,pendiente de implementación,runtime reason: Rout-test re-roll: campaign/post-battle adjacent; pending scope refinement.
sources/2A/bands/mordheim/dreamwalkers-cult-of-morr-fbg/special-rules.yaml#band--special-skill-inured-to-horror#unimplemented.dreamwalkers-cult-of-morr-fbg.special-skill.inured-to-horror,sources/knowledge/bands/mordheim/dreamwalkers-cult-of-morr-fbg/special-rules.yaml#band--special-skill-inured-to-horror,band-rule / warband_skill (grant selectable),band-wide; requires the 'special' skill access,runtime.implemented=NO; selection reaches the executable-runtime gate,-,"compile_fighter(FighterBuild(""mordheim"", band_id=""dreamwalkers-cult-of-morr-fbg"", profile_id=""dreamer"", special_rule_ids=(""band--special-skill-inured-to-horror"",))) -> refused",-,test_pending_selectable_origins_refuse_with_their_published_source_reason,pendiente de implementación,"runtime reason: Psychology subsystem (fear immunity, All Alone): not covered by the current engine scope."
sources/2A/bands/mordheim/grave-robbers-sylv/special-rules.yaml#band--special-skill-darkstalker#unimplemented.grave-robbers-sylv.special-skill.darkstalker,sources/knowledge/bands/mordheim/grave-robbers-sylv/special-rules.yaml#band--special-skill-darkstalker,band-rule / warband_skill (grant selectable),band-wide; requires the 'special' skill access,runtime.implemented=NO; selection reaches the executable-runtime gate,-,"compile_fighter(FighterBuild(""mordheim"", band_id=""grave-robbers-sylv"", profile_id=""graver"", special_rule_ids=(""band--special-skill-darkstalker"",))) -> refused",-,test_pending_selectable_origins_refuse_with_their_published_source_reason,pendiente de implementación,runtime reason: Psychology and hidden-model subsystems: not covered by the current engine scope.
sources/2A/bands/mordheim/grave-robbers-sylv/special-rules.yaml#band--special-skill-instinctual-violence#unimplemented.grave-robbers-sylv.special-skill.instinctual-violence,sources/knowledge/bands/mordheim/grave-robbers-sylv/special-rules.yaml#band--special-skill-instinctual-violence,band-rule / warband_skill (grant selectable),band-wide; requires the 'special' skill access,runtime.implemented=NO; selection reaches the executable-runtime gate,-,"compile_fighter(FighterBuild(""mordheim"", band_id=""grave-robbers-sylv"", profile_id=""graver"", special_rule_ids=(""band--special-skill-instinctual-violence"",))) -> refused",-,test_pending_selectable_origins_refuse_with_their_published_source_reason,pendiente de implementación,runtime reason: Psychology (fear) and strike-first binding: deferred to the close-combat milestone.
sources/2A/bands/mordheim/grave-robbers-sylv/special-rules.yaml#band--special-skill-de-animator#unimplemented.grave-robbers-sylv.special-skill.de-animator,sources/knowledge/bands/mordheim/grave-robbers-sylv/special-rules.yaml#band--special-skill-de-animator,band-rule / warband_skill (grant selectable),band-wide; requires the 'special' skill access,runtime.implemented=NO; selection reaches the executable-runtime gate,-,"compile_fighter(FighterBuild(""mordheim"", band_id=""grave-robbers-sylv"", profile_id=""graver"", special_rule_ids=(""band--special-skill-de-animator"",))) -> refused",-,test_pending_selectable_origins_refuse_with_their_published_source_reason,pendiente de implementación,runtime reason: Provisional classification: interaction with the No Pain rule pending scope refinement.
sources/2A/bands/mordheim/grave-robbers-sylv/special-rules.yaml#band--special-skill-hardy-constitution#trait.poison-immune,sources/knowledge/bands/mordheim/grave-robbers-sylv/special-rules.yaml#band--special-skill-hardy-constitution,band-rule / warband_skill (grant selectable),band-wide; requires the 'special' skill access,runtime.implemented=YES with an executable binding,trait:trait.poison-immune,"compile_fighter(FighterBuild(""mordheim"", band_id=""grave-robbers-sylv"", profile_id=""graver"", special_rule_ids=(""band--special-skill-hardy-constitution"",)))",global_effects.poison_immunity=True; tag poison_immune,test_hardy_constitution_grants_poison_immunity_and_refuses_non_recipients,probado,-
sources/2A/bands/mordheim/necrarchs-the-soul-stealers-lotd1/special-rules.yaml#band--special-skill-pull-of-undeath#unimplemented.necrarchs-the-soul-stealers-lotd1.band.pull-of-undeath,sources/knowledge/bands/mordheim/necrarchs-the-soul-stealers-lotd1/special-rules.yaml#band--special-skill-pull-of-undeath,band-rule / warband_skill (grant selectable),band-wide; requires the 'special' skill access,runtime.implemented=NO; selection reaches the executable-runtime gate,-,"compile_fighter(FighterBuild(""mordheim"", band_id=""necrarchs-the-soul-stealers-lotd1"", profile_id=""necrarch-vampire"", special_rule_ids=(""band--special-skill-pull-of-undeath"",))) -> refused",-,test_pending_selectable_origins_refuse_with_their_published_source_reason,pendiente de implementación,runtime reason: Out of scope: out-of-action determination is a post-duel/campaign resolution mechanic.
sources/2A/bands/mordheim/protectorate-of-sigmar-lotd3/special-rules.yaml#band--special-skill-unshakeable-faith#unimplemented.protectorate-of-sigmar-lotd3.band.unshakeable-faith,sources/knowledge/bands/mordheim/protectorate-of-sigmar-lotd3/special-rules.yaml#band--special-skill-unshakeable-faith,band-rule / warband_skill (grant selectable),band-wide; requires the 'special' skill access,runtime.implemented=NO; selection reaches the executable-runtime gate,-,"compile_fighter(FighterBuild(""mordheim"", band_id=""protectorate-of-sigmar-lotd3"", profile_id=""warrior-priest"", special_rule_ids=(""band--special-skill-unshakeable-faith"",))) -> refused",-,test_pending_selectable_origins_without_channel_still_refuse_with_their_source_reason,discrepancia,no availability channel published (no special access/eligibility); runtime reason: Deferred subsystem: immunity to Fear is a psychology mechanic.
sources/2A/bands/mordheim/protectorate-of-sigmar-lotd3/special-rules.yaml#band--special-skill-utter-determination#unimplemented.protectorate-of-sigmar-lotd3.band.utter-determination,sources/knowledge/bands/mordheim/protectorate-of-sigmar-lotd3/special-rules.yaml#band--special-skill-utter-determination,band-rule / warband_skill (grant selectable),band-wide; requires the 'special' skill access,runtime.implemented=NO; selection reaches the executable-runtime gate,-,"compile_fighter(FighterBuild(""mordheim"", band_id=""protectorate-of-sigmar-lotd3"", profile_id=""warrior-priest"", special_rule_ids=(""band--special-skill-utter-determination"",))) -> refused",-,test_pending_selectable_origins_without_channel_still_refuse_with_their_source_reason,discrepancia,no availability channel published (no special access/eligibility); runtime reason: Out of scope: rout tests are a campaign-resolution mechanic.
sources/2A/bands/mordheim/protectorate-of-sigmar-lotd3/special-rules.yaml#band--special-skill-rousing-sermon#unimplemented.protectorate-of-sigmar-lotd3.band.rousing-sermon,sources/knowledge/bands/mordheim/protectorate-of-sigmar-lotd3/special-rules.yaml#band--special-skill-rousing-sermon,band-rule / warband_skill (grant selectable),band-wide; requires the 'special' skill access,runtime.implemented=NO; selection reaches the executable-runtime gate,-,"compile_fighter(FighterBuild(""mordheim"", band_id=""protectorate-of-sigmar-lotd3"", profile_id=""warrior-priest"", special_rule_ids=(""band--special-skill-rousing-sermon"",))) -> refused",-,test_pending_selectable_origins_without_channel_still_refuse_with_their_source_reason,discrepancia,no availability channel published (no special access/eligibility); runtime reason: Out of scope: a declared +1 attack aura over a 6-inch radius has no engine subsystem (no aura/buff mechanics modeled).
sources/2A/bands/mordheim/vampire-hunters-of-sylvania-lotd5/special-rules.yaml#band--special-skill-iron-will#unimplemented.vampire-hunters-of-sylvania-lotd5.band.iron-will,sources/knowledge/bands/mordheim/vampire-hunters-of-sylvania-lotd5/special-rules.yaml#band--special-skill-iron-will,band-rule / warband_skill (grant selectable),band-wide; requires the 'special' skill access,runtime.implemented=NO; selection reaches the executable-runtime gate,-,"compile_fighter(FighterBuild(""mordheim"", band_id=""vampire-hunters-of-sylvania-lotd5"", profile_id=""vampire-hunter"", special_rule_ids=(""band--special-skill-iron-will"",))) -> refused",-,test_pending_selectable_origins_refuse_with_their_published_source_reason,pendiente de implementación,runtime reason: Deferred subsystem: immunity to Fear is a psychology mechanic.
sources/2A/bands/mordheim/vampire-hunters-of-sylvania-lotd5/special-rules.yaml#band--special-skill-righteous-aura#unimplemented.vampire-hunters-of-sylvania-lotd5.band.righteous-aura,sources/knowledge/bands/mordheim/vampire-hunters-of-sylvania-lotd5/special-rules.yaml#band--special-skill-righteous-aura,band-rule / warband_skill (grant selectable),band-wide; requires the 'special' skill access,runtime.implemented=NO; selection reaches the executable-runtime gate,-,"compile_fighter(FighterBuild(""mordheim"", band_id=""vampire-hunters-of-sylvania-lotd5"", profile_id=""vampire-hunter"", special_rule_ids=(""band--special-skill-righteous-aura"",))) -> refused",-,test_pending_selectable_origins_refuse_with_their_published_source_reason,pendiente de implementación,runtime reason: Out of scope: attack-count manipulation against specific opponent types has no engine subsystem (no aura/attack-denial mechanics modeled).
sources/2A/bands/mordheim/vampire-hunters-of-sylvania-lotd5/special-rules.yaml#band--special-skill-thirst-for-vengeance#unimplemented.vampire-hunters-of-sylvania-lotd5.band.thirst-for-vengeance,sources/knowledge/bands/mordheim/vampire-hunters-of-sylvania-lotd5/special-rules.yaml#band--special-skill-thirst-for-vengeance,band-rule / warband_skill (grant selectable),band-wide; requires the 'special' skill access,runtime.implemented=NO; selection reaches the executable-runtime gate,-,"compile_fighter(FighterBuild(""mordheim"", band_id=""vampire-hunters-of-sylvania-lotd5"", profile_id=""vampire-hunter"", special_rule_ids=(""band--special-skill-thirst-for-vengeance"",))) -> refused",-,test_pending_selectable_origins_refuse_with_their_published_source_reason,pendiente de implementación,runtime reason: Out of scope: hatred plus a charge-triggered attack bonus interacts with psychology and movement-phase state outside the duel scope.
sources/2A/bands/mordheim/vampire-hunters-of-sylvania-lotd5/special-rules.yaml#band--special-skill-blessing-of-morr#unimplemented.vampire-hunters-of-sylvania-lotd5.band.blessing-of-morr,sources/knowledge/bands/mordheim/vampire-hunters-of-sylvania-lotd5/special-rules.yaml#band--special-skill-blessing-of-morr,band-rule / warband_skill (grant selectable),band-wide; requires the 'special' skill access,runtime.implemented=NO; selection reaches the executable-runtime gate,-,"compile_fighter(FighterBuild(""mordheim"", band_id=""vampire-hunters-of-sylvania-lotd5"", profile_id=""vampire-hunter"", special_rule_ids=(""band--special-skill-blessing-of-morr"",))) -> refused",-,test_pending_selectable_origins_refuse_with_their_published_source_reason,pendiente de implementación,runtime reason: Out of scope: injury-roll modification is a post-hit resolution mechanic outside the duel scope.
sources/2A/bands/mordheim/wood-elves-of-athel-loren-web/special-rules.yaml#band--skill-elven-luck#unimplemented.wood-elves-of-athel-loren-web.skill.elven-luck,sources/knowledge/bands/mordheim/wood-elves-of-athel-loren-web/special-rules.yaml#band--skill-elven-luck,band-rule / warband_skill (grant selectable),band-wide; requires the 'special' skill access,runtime.implemented=NO; selection reaches the executable-runtime gate,-,"compile_fighter(FighterBuild(""mordheim"", band_id=""wood-elves-of-athel-loren-web"", profile_id=""hunt-master"", special_rule_ids=(""band--skill-elven-luck"",))) -> refused",-,test_pending_selectable_origins_refuse_with_their_published_source_reason,pendiente de implementación,runtime reason: Out of scope: generic rerolls are a meta-mechanic applying to subsystems outside the current engine scope.
sources/2B/bands/mordheim/araby-smugglers-sar/special-rules.yaml#band--skill-pious-fury#unimplemented.araby-smugglers-sar.band.pious-fury,sources/knowledge/bands/mordheim/araby-smugglers-sar/special-rules.yaml#band--skill-pious-fury,band-rule / warband_skill (grant selectable),band-wide; requires the 'special' skill access,runtime.implemented=NO; selection reaches the executable-runtime gate,-,"compile_fighter(FighterBuild(""mordheim"", band_id=""araby-smugglers-sar"", profile_id=""rais"", special_rule_ids=(""band--skill-pious-fury"",))) -> refused",-,test_pending_selectable_origins_without_channel_still_refuse_with_their_source_reason,discrepancia,"no availability channel published (no special access/eligibility); runtime reason: Out of scope: Hatred is a psychology-subsystem interaction, and the abstinence clause is flavour with no engine effect."
sources/2B/bands/mordheim/brood-of-ghurash-the-sc/special-rules.yaml#band--skill-the-terror#unimplemented.brood-of-ghurash-the-sc.band.the-terror,sources/knowledge/bands/mordheim/brood-of-ghurash-the-sc/special-rules.yaml#band--skill-the-terror,band-rule / warband_skill (grant selectable),band-wide; requires the 'special' skill access,runtime.implemented=NO; selection reaches the executable-runtime gate,-,"compile_fighter(FighterBuild(""mordheim"", band_id=""brood-of-ghurash-the-sc"", profile_id=""broodmother"", special_rule_ids=(""band--skill-the-terror"",))) -> refused",-,test_pending_selectable_origins_refuse_with_their_published_source_reason,pendiente de implementación,runtime reason: Out of scope: the All Alone test is a psychology-subsystem interaction.
sources/2B/bands/mordheim/brood-of-ghurash-the-sc/special-rules.yaml#band--skill-ground-pounder#unimplemented.brood-of-ghurash-the-sc.band.ground-pounder,sources/knowledge/bands/mordheim/brood-of-ghurash-the-sc/special-rules.yaml#band--skill-ground-pounder,band-rule / warband_skill (grant selectable),band-wide; requires the 'special' skill access,runtime.implemented=NO; selection reaches the executable-runtime gate,-,"compile_fighter(FighterBuild(""mordheim"", band_id=""brood-of-ghurash-the-sc"", profile_id=""broodmother"", special_rule_ids=(""band--skill-ground-pounder"",))) -> refused",-,test_pending_selectable_origins_refuse_with_their_published_source_reason,pendiente de implementación,runtime reason: Out of scope: the shooting-phase quake and the Initiative test are phase-specific mechanics.
sources/2B/bands/mordheim/brood-of-ghurash-the-sc/special-rules.yaml#band--skill-titanic-strength#unimplemented.brood-of-ghurash-the-sc.band.titanic-strength,sources/knowledge/bands/mordheim/brood-of-ghurash-the-sc/special-rules.yaml#band--skill-titanic-strength,band-rule / warband_skill (grant selectable),band-wide; requires the 'special' skill access,runtime.implemented=NO; selection reaches the executable-runtime gate,-,"compile_fighter(FighterBuild(""mordheim"", band_id=""brood-of-ghurash-the-sc"", profile_id=""broodmother"", special_rule_ids=(""band--skill-titanic-strength"",))) -> refused",-,test_pending_selectable_origins_refuse_with_their_published_source_reason,pendiente de implementación,runtime reason: Out of scope: forcing a Strength test on a failed wound roll is a combat-resolution mechanic.
sources/2B/bands/mordheim/brood-of-ghurash-the-sc/special-rules.yaml#band--skill-hurl#unimplemented.brood-of-ghurash-the-sc.band.hurl,sources/knowledge/bands/mordheim/brood-of-ghurash-the-sc/special-rules.yaml#band--skill-hurl,band-rule / warband_skill (grant selectable),band-wide; requires the 'special' skill access,runtime.implemented=NO; selection reaches the executable-runtime gate,-,"compile_fighter(FighterBuild(""mordheim"", band_id=""brood-of-ghurash-the-sc"", profile_id=""broodmother"", special_rule_ids=(""band--skill-hurl"",))) -> refused",-,test_pending_selectable_origins_refuse_with_their_published_source_reason,pendiente de implementación,runtime reason: Out of scope: substituting the shooting attack for a throw is a shooting-phase mechanic.
sources/2B/bands/mordheim/call-of-the-night-haint-mim/special-rules.yaml#band--skill-wight-walk#unimplemented.call-of-the-night-haint-mim.band.wight-walk,sources/knowledge/bands/mordheim/call-of-the-night-haint-mim/special-rules.yaml#band--skill-wight-walk,band-rule / warband_skill (grant selectable),band-wide; requires the 'special' skill access,runtime.implemented=NO; selection reaches the executable-runtime gate,-,"compile_fighter(FighterBuild(""mordheim"", band_id=""call-of-the-night-haint-mim"", profile_id=""cairn-wraith"", special_rule_ids=(""band--skill-wight-walk"",))) -> refused",-,test_pending_selectable_origins_refuse_with_their_published_source_reason,pendiente de implementación,runtime reason: Out of scope: charging through walls is a movement-phase mechanic. Ethereal models only.
sources/2B/bands/mordheim/clan-angrund-kep/special-rules.yaml#band--dwarf-special-skills-master-of-blades#skill.unbeatable-warrior,sources/knowledge/bands/mordheim/clan-angrund-kep/special-rules.yaml#band--dwarf-special-skills-master-of-blades (one of two origins sharing this canonical rule),band-rule / warband_skill (grant selectable),band-wide; requires the 'special' skill access,runtime.implemented=YES with an executable binding,"mechanic:skill.unbeatable-warrior, mechanic:skill.sword-master","compile_fighter(FighterBuild(""mordheim"", band_id=""clan-angrund-kep"", profile_id=""dwarf-noble"", special_rule_ids=(""band--dwarf-special-skills-master-of-blades"",)))","tags skill.unbeatable-warrior, skill.sword-master, rule.dwarf-axe-parry-reroll",test_master_of_blades_projects_both_shared_mechanics_and_the_parry_variant,probado,-
sources/2B/bands/mordheim/clan-angrund-kep/special-rules.yaml#band--dwarf-special-skills-master-of-blades#skill.sword-master,sources/knowledge/bands/mordheim/clan-angrund-kep/special-rules.yaml#band--dwarf-special-skills-master-of-blades (one of two origins sharing this canonical rule),band-rule / warband_skill (grant selectable),band-wide; requires the 'special' skill access,runtime.implemented=YES with an executable binding,"mechanic:skill.unbeatable-warrior, mechanic:skill.sword-master","compile_fighter(FighterBuild(""mordheim"", band_id=""clan-angrund-kep"", profile_id=""dwarf-noble"", special_rule_ids=(""band--dwarf-special-skills-master-of-blades"",)))","tags skill.unbeatable-warrior, skill.sword-master, rule.dwarf-axe-parry-reroll",test_master_of_blades_projects_both_shared_mechanics_and_the_parry_variant,probado,-
sources/2B/bands/mordheim/clan-angrund-kep/special-rules.yaml#band--dwarf-special-skills-true-grit#skill.hard-to-kill,sources/knowledge/bands/mordheim/clan-angrund-kep/special-rules.yaml#band--dwarf-special-skills-true-grit,band-rule / warband_skill (grant selectable),band-wide; requires the 'special' skill access,runtime.implemented=YES with an executable binding,mechanic:skill.hard-to-kill,"compile_fighter(FighterBuild(""mordheim"", band_id=""clan-angrund-kep"", profile_id=""dwarf-noble"", special_rule_ids=(""band--dwarf-special-skills-true-grit"",)))","global_effects.out_of_action_threshold=6, already granted band-wide; no double application",test_automatic_band_grants_are_not_doubled_by_the_selectable_copy,probado,-
sources/2B/bands/mordheim/clan-angrund-kep/special-rules.yaml#band--dwarf-special-skills-thick-skull#trait.concussion-immune,sources/knowledge/bands/mordheim/clan-angrund-kep/special-rules.yaml#band--dwarf-special-skills-thick-skull,band-rule / warband_skill (grant selectable),band-wide; requires the 'special' skill access,runtime.implemented=YES with an executable binding,trait:trait.concussion-immune,"compile_fighter(FighterBuild(""mordheim"", band_id=""clan-angrund-kep"", profile_id=""dwarf-noble"", special_rule_ids=(""band--dwarf-special-skills-thick-skull"",)))","tag concussion_immune, already granted band-wide; no double application",test_automatic_band_grants_are_not_doubled_by_the_selectable_copy,probado,-
sources/2B/bands/mordheim/clan-angrund-kep/special-rules.yaml#band--slayer-special-skills-ferocious-charge#skill.ferocious-charge,sources/knowledge/bands/mordheim/clan-angrund-kep/special-rules.yaml#band--slayer-special-skills-ferocious-charge,band-rule / warband_skill (grant selectable),eligibility: dwarf-troll-slayers; band-wide; requires the 'special' skill access,runtime.implemented=YES with an executable binding,mechanic:skill.ferocious-charge,"compile_fighter(FighterBuild(""mordheim"", band_id=""clan-angrund-kep"", profile_id=""dwarf-troll-slayers"", special_rule_ids=(""band--slayer-special-skills-ferocious-charge"",)))",tag skill.ferocious-charge,test_slayer_skills_reach_the_slayer_and_refuse_the_other_records,probado,-
sources/2B/bands/mordheim/clan-angrund-kep/special-rules.yaml#band--slayer-special-skills-monster-slayer#skill.monster-slayer,sources/knowledge/bands/mordheim/clan-angrund-kep/special-rules.yaml#band--slayer-special-skills-monster-slayer,band-rule / warband_skill (grant selectable),eligibility: dwarf-troll-slayers; band-wide; requires the 'special' skill access,runtime.implemented=YES with an executable binding,mechanic:skill.monster-slayer,"compile_fighter(FighterBuild(""mordheim"", band_id=""clan-angrund-kep"", profile_id=""dwarf-troll-slayers"", special_rule_ids=(""band--slayer-special-skills-monster-slayer"",)))",tag skill.monster-slayer,test_slayer_skills_reach_the_slayer_and_refuse_the_other_records,probado,-
sources/2B/bands/mordheim/clan-angrund-kep/special-rules.yaml#band--slayer-special-skills-berserker#skill.berserker,sources/knowledge/bands/mordheim/clan-angrund-kep/special-rules.yaml#band--slayer-special-skills-berserker,band-rule / warband_skill (grant selectable),eligibility: dwarf-troll-slayers; band-wide; requires the 'special' skill access,runtime.implemented=YES with an executable binding,mechanic:skill.berserker,"compile_fighter(FighterBuild(""mordheim"", band_id=""clan-angrund-kep"", profile_id=""dwarf-troll-slayers"", special_rule_ids=(""band--slayer-special-skills-berserker"",)))",tag skill.berserker,test_slayer_skills_reach_the_slayer_and_refuse_the_other_records,probado,-
sources/2B/bands/mordheim/clockworkers-sc/special-rules.yaml#band--skill-puppeteer#unimplemented.clockworkers-sc.band.puppeteer,sources/knowledge/bands/mordheim/clockworkers-sc/special-rules.yaml#band--skill-puppeteer,band-rule / warband_skill (grant selectable),band-wide; requires the 'special' skill access,runtime.implemented=NO; selection reaches the executable-runtime gate,-,"compile_fighter(FighterBuild(""mordheim"", band_id=""clockworkers-sc"", profile_id=""master-of-clocks"", special_rule_ids=(""band--skill-puppeteer"",))) -> refused",-,test_pending_selectable_origins_refuse_with_their_published_source_reason,pendiente de implementación,runtime reason: Out of scope: ignoring the Need Orders special rule is a construct-control interaction of the engine's clockwork subsystem.
sources/2B/bands/mordheim/clockworkers-sc/special-rules.yaml#band--skill-rogue-control#unimplemented.clockworkers-sc.band.rogue-control,sources/knowledge/bands/mordheim/clockworkers-sc/special-rules.yaml#band--skill-rogue-control,band-rule / warband_skill (grant selectable),band-wide; requires the 'special' skill access,runtime.implemented=NO; selection reaches the executable-runtime gate,-,"compile_fighter(FighterBuild(""mordheim"", band_id=""clockworkers-sc"", profile_id=""master-of-clocks"", special_rule_ids=(""band--skill-rogue-control"",))) -> refused",-,test_pending_selectable_origins_refuse_with_their_published_source_reason,pendiente de implementación,"runtime reason: Out of scope: disabling an enemy construct substitutes a shooting attack, a shooting-phase mechanic."
sources/2B/bands/mordheim/clockworkers-sc/special-rules.yaml#band--skill-gift-of-sentience#unimplemented.clockworkers-sc.band.gift-of-sentience,sources/knowledge/bands/mordheim/clockworkers-sc/special-rules.yaml#band--skill-gift-of-sentience,band-rule / warband_skill (grant selectable),band-wide; requires the 'special' skill access,runtime.implemented=NO; selection reaches the executable-runtime gate,-,"compile_fighter(FighterBuild(""mordheim"", band_id=""clockworkers-sc"", profile_id=""master-of-clocks"", special_rule_ids=(""band--skill-gift-of-sentience"",))) -> refused",-,test_pending_selectable_origins_refuse_with_their_published_source_reason,pendiente de implementación,runtime reason: Out of scope: spending moonstones and swapping a search for an experiment is a post-battle sequence mechanic.
sources/2B/bands/mordheim/high-elves-lus/special-rules.yaml#band--skill-miniath#unimplemented.high-elves-lus.band.miniath,sources/knowledge/bands/mordheim/high-elves-lus/special-rules.yaml#band--skill-miniath,band-rule / warband_skill (grant selectable),band-wide; requires the 'special' skill access,runtime.implemented=NO; selection reaches the executable-runtime gate,-,"compile_fighter(FighterBuild(""mordheim"", band_id=""high-elves-lus"", profile_id=""loremaster"", special_rule_ids=(""band--skill-miniath"",))) -> refused",-,test_pending_selectable_origins_refuse_with_their_published_source_reason,pendiente de implementación,runtime reason: Out of scope: additional parry attempts are a combat-resolution mechanic.
sources/2B/bands/mordheim/high-elves-lus/special-rules.yaml#band--skill-unerring-strike#unimplemented.high-elves-lus.band.unerring-strike,sources/knowledge/bands/mordheim/high-elves-lus/special-rules.yaml#band--skill-unerring-strike,band-rule / warband_skill (grant selectable),band-wide; requires the 'special' skill access,runtime.implemented=NO; selection reaches the executable-runtime gate,-,"compile_fighter(FighterBuild(""mordheim"", band_id=""high-elves-lus"", profile_id=""loremaster"", special_rule_ids=(""band--skill-unerring-strike"",))) -> refused",-,test_pending_selectable_origins_refuse_with_their_published_source_reason,pendiente de implementación,runtime reason: Out of scope: re-rolling failed wound rolls is a combat-resolution mechanic.
sources/2B/bands/mordheim/high-elves-lus/special-rules.yaml#band--skill-fey-quickness#unimplemented.high-elves-lus.band.fey-quickness,sources/knowledge/bands/mordheim/high-elves-lus/special-rules.yaml#band--skill-fey-quickness,band-rule / warband_skill (grant selectable),band-wide; requires the 'special' skill access,runtime.implemented=NO; selection reaches the executable-runtime gate,-,"compile_fighter(FighterBuild(""mordheim"", band_id=""high-elves-lus"", profile_id=""loremaster"", special_rule_ids=(""band--skill-fey-quickness"",))) -> refused",-,test_pending_selectable_origins_refuse_with_their_published_source_reason,pendiente de implementación,runtime reason: Out of scope: the dodge-style save against melee or missile attacks is a combat-resolution mechanic.
sources/2B/bands/mordheim/knights-of-the-bitter-moors-mim/special-rules.yaml#band--virtue-of-valour#unimplemented.knights-of-the-bitter-moors-mim.band.virtue-of-valour,sources/knowledge/bands/mordheim/knights-of-the-bitter-moors-mim/special-rules.yaml#band--virtue-of-valour,band-rule / warband_skill (grant selectable),band-wide; requires the 'special' skill access,runtime.implemented=NO; selection reaches the executable-runtime gate,-,"compile_fighter(FighterBuild(""mordheim"", band_id=""knights-of-the-bitter-moors-mim"", profile_id=""questing-knight"", special_rule_ids=(""band--virtue-of-valour"",))) -> refused",-,test_pending_selectable_origins_refuse_with_their_published_source_reason,pendiente de implementación,runtime reason: Out of scope: re-rolling missed wound rolls is a combat-resolution mechanic.
sources/2B/bands/mordheim/knights-of-the-bitter-moors-mim/special-rules.yaml#band--virtue-of-discipline#unimplemented.knights-of-the-bitter-moors-mim.band.virtue-of-discipline,sources/knowledge/bands/mordheim/knights-of-the-bitter-moors-mim/special-rules.yaml#band--virtue-of-discipline,band-rule / warband_skill (grant selectable),band-wide; requires the 'special' skill access,runtime.implemented=NO; selection reaches the executable-runtime gate,-,"compile_fighter(FighterBuild(""mordheim"", band_id=""knights-of-the-bitter-moors-mim"", profile_id=""questing-knight"", special_rule_ids=(""band--virtue-of-discipline"",))) -> refused",-,test_pending_selectable_origins_refuse_with_their_published_source_reason,pendiente de implementación,runtime reason: Out of scope: re-rolling a Rout test is a post-battle morale mechanic.
sources/2B/bands/mordheim/knights-of-the-bitter-moors-mim/special-rules.yaml#band--virtue-of-noble-disdain#unimplemented.knights-of-the-bitter-moors-mim.band.virtue-of-noble-disdain,sources/knowledge/bands/mordheim/knights-of-the-bitter-moors-mim/special-rules.yaml#band--virtue-of-noble-disdain,band-rule / warband_skill (grant selectable),band-wide; requires the 'special' skill access,runtime.implemented=NO; selection reaches the executable-runtime gate,-,"compile_fighter(FighterBuild(""mordheim"", band_id=""knights-of-the-bitter-moors-mim"", profile_id=""questing-knight"", special_rule_ids=(""band--virtue-of-noble-disdain"",))) -> refused",-,test_pending_selectable_origins_refuse_with_their_published_source_reason,pendiente de implementación,runtime reason: Out of scope: psychology (Hatred) is a psychology-subsystem interaction.
sources/2B/bands/mordheim/knights-of-the-bitter-moors-mim/special-rules.yaml#band--virtue-of-the-impetuous#unimplemented.knights-of-the-bitter-moors-mim.band.virtue-of-the-impetuous,sources/knowledge/bands/mordheim/knights-of-the-bitter-moors-mim/special-rules.yaml#band--virtue-of-the-impetuous,band-rule / warband_skill (grant selectable),band-wide; requires the 'special' skill access,runtime.implemented=NO; selection reaches the executable-runtime gate,-,"compile_fighter(FighterBuild(""mordheim"", band_id=""knights-of-the-bitter-moors-mim"", profile_id=""questing-knight"", special_rule_ids=(""band--virtue-of-the-impetuous"",))) -> refused",-,test_pending_selectable_origins_refuse_with_their_published_source_reason,pendiente de implementación,runtime reason: Out of scope: charge-move bonuses are part of the movement subsystem.
sources/2B/bands/mordheim/lizardmen-lus/special-rules.yaml#band--lizardmen-special-skills-saurus-only-bellowing-battle-roar#skill.bellowing-battle-roar,sources/knowledge/bands/mordheim/lizardmen-lus/special-rules.yaml#band--lizardmen-special-skills-saurus-only-bellowing-battle-roar,band-rule / warband_skill (grant selectable),eligibility: saurus-totem-warriors; band-wide; requires the 'special' skill access,runtime.implemented=YES with an executable binding,mechanic:skill.bellowing-battle-roar,"compile_fighter(FighterBuild(""mordheim"", band_id=""lizardmen-lus"", profile_id=""saurus-totem-warriors"", special_rule_ids=(""band--lizardmen-special-skills-saurus-only-bellowing-battle-roar"",)))",tag skill.bellowing-battle-roar,test_bellowing_battle_roar_reaches_saurus_and_refuses_skinks,probado,-
sources/2B/bands/mordheim/lizardmen-lus/special-rules.yaml#band--lizardmen-special-skills-saurus-only-toughened-hide#unimplemented.lizardmen-lus.band.lizardmen-special-skills-saurus-only-toughened-hide,sources/knowledge/bands/mordheim/lizardmen-lus/special-rules.yaml#band--lizardmen-special-skills-saurus-only-toughened-hide,band-rule / warband_skill (grant selectable),eligibility: saurus-totem-warriors; band-wide; requires the 'special' skill access,runtime.implemented=NO; selection reaches the executable-runtime gate,-,"compile_fighter(FighterBuild(""mordheim"", band_id=""lizardmen-lus"", profile_id=""saurus-totem-warriors"", special_rule_ids=(""band--lizardmen-special-skills-saurus-only-toughened-hide"",))) -> refused",-,test_pending_selectable_origins_refuse_with_their_published_source_reason,pendiente de implementación,runtime reason: Out of scope: injuries.
sources/2B/bands/mordheim/sea-ghosts-mim/special-rules.yaml#band--dance-whirling-death#unimplemented.sea-ghosts-mim.band.whirling-death,sources/knowledge/bands/mordheim/sea-ghosts-mim/special-rules.yaml#band--dance-whirling-death,band-rule / warband_skill (grant selectable),band-wide; requires the 'special' skill access,runtime.implemented=NO; selection reaches the executable-runtime gate,-,"compile_fighter(FighterBuild(""mordheim"", band_id=""sea-ghosts-mim"", profile_id=""wayfinder"", special_rule_ids=(""band--dance-whirling-death"",))) -> refused",-,test_pending_selectable_origins_without_channel_still_refuse_with_their_source_reason,discrepancia,no availability channel published (no special access/eligibility); runtime reason: Out of scope: modifiers to Injury rolls are combat-resolution mechanics.
sources/2B/bands/mordheim/sea-ghosts-mim/special-rules.yaml#band--dance-storm-of-blades#unimplemented.sea-ghosts-mim.band.storm-of-blades,sources/knowledge/bands/mordheim/sea-ghosts-mim/special-rules.yaml#band--dance-storm-of-blades,band-rule / warband_skill (grant selectable),band-wide; requires the 'special' skill access,runtime.implemented=NO; selection reaches the executable-runtime gate,-,"compile_fighter(FighterBuild(""mordheim"", band_id=""sea-ghosts-mim"", profile_id=""wayfinder"", special_rule_ids=(""band--dance-storm-of-blades"",))) -> refused",-,test_pending_selectable_origins_without_channel_still_refuse_with_their_source_reason,discrepancia,no availability channel published (no special access/eligibility); runtime reason: Out of scope: attack-count modifiers are combat-resolution mechanics.
sources/2B/bands/mordheim/sea-ghosts-mim/special-rules.yaml#band--dance-the-shadows-coil#unimplemented.sea-ghosts-mim.band.the-shadows-coil,sources/knowledge/bands/mordheim/sea-ghosts-mim/special-rules.yaml#band--dance-the-shadows-coil,band-rule / warband_skill (grant selectable),band-wide; requires the 'special' skill access,runtime.implemented=NO; selection reaches the executable-runtime gate,-,"compile_fighter(FighterBuild(""mordheim"", band_id=""sea-ghosts-mim"", profile_id=""wayfinder"", special_rule_ids=(""band--dance-the-shadows-coil"",))) -> refused",-,test_pending_selectable_origins_without_channel_still_refuse_with_their_source_reason,discrepancia,no availability channel published (no special access/eligibility); runtime reason: Out of scope: an unmodifiable saving throw is a combat-resolution mechanic.
sources/2B/bands/mordheim/sea-ghosts-mim/special-rules.yaml#band--dance-woven-mist#unimplemented.sea-ghosts-mim.band.woven-mist,sources/knowledge/bands/mordheim/sea-ghosts-mim/special-rules.yaml#band--dance-woven-mist,band-rule / warband_skill (grant selectable),band-wide; requires the 'special' skill access,runtime.implemented=NO; selection reaches the executable-runtime gate,-,"compile_fighter(FighterBuild(""mordheim"", band_id=""sea-ghosts-mim"", profile_id=""wayfinder"", special_rule_ids=(""band--dance-woven-mist"",))) -> refused",-,test_pending_selectable_origins_without_channel_still_refuse_with_their_source_reason,discrepancia,no availability channel published (no special access/eligibility); runtime reason: Out of scope: striking first and attack-count modifiers are combat-resolution mechanics.
sources/2B/bands/mordheim/silent-brotherhood-sc/special-rules.yaml#band--skill-cutthroat#unimplemented.silent-brotherhood-sc.band.cutthroat,sources/knowledge/bands/mordheim/silent-brotherhood-sc/special-rules.yaml#band--skill-cutthroat,band-rule / warband_skill (grant selectable),band-wide; requires the 'special' skill access,runtime.implemented=NO; selection reaches the executable-runtime gate,-,"compile_fighter(FighterBuild(""mordheim"", band_id=""silent-brotherhood-sc"", profile_id=""silent-master"", special_rule_ids=(""band--skill-cutthroat"",))) -> refused",-,test_pending_selectable_origins_refuse_with_their_published_source_reason,pendiente de implementación,runtime reason: Out of scope: armour-save modifiers applied to the hero's own attacks are combat-resolution mechanics.
sources/2B/bands/mordheim/silent-brotherhood-sc/special-rules.yaml#band--skill-hit-and-run#unimplemented.silent-brotherhood-sc.band.hit-and-run,sources/knowledge/bands/mordheim/silent-brotherhood-sc/special-rules.yaml#band--skill-hit-and-run,band-rule / warband_skill (grant selectable),band-wide; requires the 'special' skill access,runtime.implemented=NO; selection reaches the executable-runtime gate,-,"compile_fighter(FighterBuild(""mordheim"", band_id=""silent-brotherhood-sc"", profile_id=""silent-master"", special_rule_ids=(""band--skill-hit-and-run"",))) -> refused",-,test_pending_selectable_origins_refuse_with_their_published_source_reason,pendiente de implementación,runtime reason: Out of scope: disengaging from close combat is a combat-phase mechanic.
sources/2B/bands/mordheim/silent-brotherhood-sc/special-rules.yaml#band--skill-backstabber#unimplemented.silent-brotherhood-sc.band.backstabber,sources/knowledge/bands/mordheim/silent-brotherhood-sc/special-rules.yaml#band--skill-backstabber,band-rule / warband_skill (grant selectable),band-wide; requires the 'special' skill access,runtime.implemented=NO; selection reaches the executable-runtime gate,-,"compile_fighter(FighterBuild(""mordheim"", band_id=""silent-brotherhood-sc"", profile_id=""silent-master"", special_rule_ids=(""band--skill-backstabber"",))) -> refused",-,test_pending_selectable_origins_refuse_with_their_published_source_reason,pendiente de implementación,runtime reason: Out of scope: charging a target the hero cannot see and the injury-roll modifier are combat-phase mechanics.
sources/2B/bands/mordheim/skaven-of-clan-pestilens-lus/special-rules.yaml#band--skill-cloud-of-flies#unimplemented.skaven-of-clan-pestilens-lus.band.cloud-of-flies,sources/knowledge/bands/mordheim/skaven-of-clan-pestilens-lus/special-rules.yaml#band--skill-cloud-of-flies,band-rule / warband_skill (grant selectable),band-wide; requires the 'special' skill access,runtime.implemented=NO; selection reaches the executable-runtime gate,-,"compile_fighter(FighterBuild(""mordheim"", band_id=""skaven-of-clan-pestilens-lus"", profile_id=""plague-priest"", special_rule_ids=(""band--skill-cloud-of-flies"",))) -> refused",-,test_pending_selectable_origins_refuse_with_their_published_source_reason,pendiente de implementación,runtime reason: Out of scope: a to-hit penalty on models in base contact is a combat-resolution mechanic.
sources/2B/bands/mordheim/skaven-of-clan-pristekk-sc/special-rules.yaml#band--skill-thing-handler#unimplemented.skaven-of-clan-pristekk-sc.band.thing-handler,sources/knowledge/bands/mordheim/skaven-of-clan-pristekk-sc/special-rules.yaml#band--skill-thing-handler,band-rule / warband_skill (grant selectable),band-wide; requires the 'special' skill access,runtime.implemented=NO; selection reaches the executable-runtime gate,-,"compile_fighter(FighterBuild(""mordheim"", band_id=""skaven-of-clan-pristekk-sc"", profile_id=""chieftain"", special_rule_ids=(""band--skill-thing-handler"",))) -> refused",-,test_pending_selectable_origins_refuse_with_their_published_source_reason,pendiente de implementación,"runtime reason: Out of scope: lending Leadership to animal henchmen inside 6"" is a Leadership-range interaction."
sources/2B/bands/mordheim/strigoi-kaz/special-rules.yaml#vampire--bloodline#unimplemented.strigoi-kaz.vampire.bloodline,sources/knowledge/bands/mordheim/strigoi-kaz/special-rules.yaml#vampire--bloodline,band-rule / profile_ability (grant selectable),profile_ids: vampire,runtime.implemented=NO; selection reaches the executable-runtime gate,-,"compile_fighter(FighterBuild(""mordheim"", band_id=""strigoi-kaz"", profile_id=""vampire"", special_rule_ids=(""vampire--bloodline"",))) -> refused",-,test_pending_selectable_origins_without_channel_still_refuse_with_their_source_reason,discrepancia,profile ability (applies_to profile_ids: vampire); it is not a warband-skill selection entry
sources/2B/bands/mordheim/underworld-alliance-mim/special-rules.yaml#warpstone-troll--vomit-attack#weapon.vomit-attack,sources/knowledge/bands/mordheim/underworld-alliance-mim/special-rules.yaml#warpstone-troll--vomit-attack,band-rule / profile_ability (grant selectable),profile_ids: warpstone-troll,runtime.implemented=YES with an executable binding,mechanic:weapon.vomit-attack,"compile_fighter(FighterBuild(""mordheim"", band_id=""underworld-alliance-mim"", profile_id=""warpstone-troll"", special_rule_ids=(""warpstone-troll--vomit-attack"",)))",none: weapon.vomit-attack binding not projected onto the compiled weapon,test_vomit_attack_is_selectable_only_for_the_warpstone_troll,discrepancia,"accepted for the warpstone-troll, but the weapon.vomit-attack binding is not projected"
sources/2B/bands/mordheim/underworld-alliance-mim/special-rules.yaml#band--skill-wyrdstone-addict#unimplemented.underworld-alliance-mim.band.wyrdstone-addict,sources/knowledge/bands/mordheim/underworld-alliance-mim/special-rules.yaml#band--skill-wyrdstone-addict,band-rule / warband_skill (grant selectable),band-wide; requires the 'special' skill access,runtime.implemented=NO; selection reaches the executable-runtime gate,-,"compile_fighter(FighterBuild(""mordheim"", band_id=""underworld-alliance-mim"", profile_id=""goblin-bully"", special_rule_ids=(""band--skill-wyrdstone-addict"",))) -> refused",-,test_pending_selectable_origins_refuse_with_their_published_source_reason,bloqueado por fuente,T13-Q101; runtime reason: Out of scope: eating a shard in the post-game to roll on the Warp Touch Chart is a post-battle sequence mechanic; immunity to Tainted weapons is a damage-type interaction.
sources/2B/bands/mordheim/underworld-alliance-mim/special-rules.yaml#band--skill-stuff-em-with-green#unimplemented.underworld-alliance-mim.band.stuff-em-with-green,sources/knowledge/bands/mordheim/underworld-alliance-mim/special-rules.yaml#band--skill-stuff-em-with-green,band-rule / warband_skill (grant selectable),band-wide; requires the 'special' skill access,runtime.implemented=NO; selection reaches the executable-runtime gate,-,"compile_fighter(FighterBuild(""mordheim"", band_id=""underworld-alliance-mim"", profile_id=""goblin-bully"", special_rule_ids=(""band--skill-stuff-em-with-green"",))) -> refused",-,test_pending_selectable_origins_refuse_with_their_published_source_reason,bloqueado por fuente,T13-Q102; runtime reason: Out of scope: feeding warpstone in the post-game and exploding on a charge are post-battle and combat-phase mechanics.
sources/2A/catalog/items/druchii-equipment.yaml#darksteel_blade#darksteel_blade,sources/knowledge/catalog/items/materials-and-upgrades.yaml#darksteel_blade,item / material-or-upgrade / combat_status out_of_scope,no executable slot published,no simulation-mapping row,-,equipment list entry (druchii-mic:hero-equipment-list),-,test_gromril_material_route_prices_the_supported_material_and_refuses_foreign_bands,discrepancia,material.dark-steel mechanic exists but the item has no simulation-mapping row; no alias added
sources/2A/catalog/items/dwarf-slayer-cult-equipment.yaml#whirling_blades#whirling_blades,sources/knowledge/catalog/items/combat-equipment.yaml#whirling_blades,item / combat-equipment / combat_status out_of_scope,no executable slot published,no simulation-mapping row,-,equipment list entry (dwarf-slayer-cult-web:doomseeker-equipment-list),-,-,bloqueado por fuente,T13-Q110: item semantics pending; no executable mechanic published
sources/2A/catalog/items/grave-robbers-equipment.yaml#pry_bar#pry_bar,sources/knowledge/catalog/items/combat-equipment.yaml#pry_bar,item / combat-equipment / combat_status out_of_scope,no executable slot published,no simulation-mapping row,-,equipment list entry (grave-robbers-sylv:hero-equipment-list),-,-,pendiente de implementación,out_of_scope; no executable mechanic published
sources/2A/catalog/items/masters-of-horror-equipment.yaml#chainsaw_sword#chainsaw_sword,sources/knowledge/catalog/items/combat-equipment.yaml#chainsaw_sword,item / combat-equipment / combat_status out_of_scope,no executable slot published,no simulation-mapping row,-,equipment list entry (masters-of-horror-sylv:hero-equipment-list),-,-,pendiente de implementación,out_of_scope; no executable mechanic published
sources/2A/catalog/items/masters-of-horror-equipment.yaml#electric_trident#electric_trident,sources/knowledge/catalog/items/combat-equipment.yaml#electric_trident,item / combat-equipment / combat_status out_of_scope,no executable slot published,no simulation-mapping row,-,equipment list entry (masters-of-horror-sylv:hero-equipment-list),-,-,bloqueado por fuente,T13-Q111: item semantics pending; no executable mechanic published
sources/2A/catalog/items/moulder-equipment.yaml#beastwhip#beastwhip,sources/knowledge/catalog/items/weapons-close-combat.yaml#beastwhip,item / close-combat-weapon / combat_status out_of_scope,no executable slot published,no simulation-mapping row,-,equipment list entry (skaven-of-clan-moulder-web:heroes-equipment-list),-,-,bloqueado por fuente,T13-Q112: item semantics pending; no executable mechanic published
sources/2A/catalog/items/moulder-equipment.yaml#thingcatcher#thingcatcher,sources/knowledge/catalog/items/weapons-close-combat.yaml#thingcatcher,item / close-combat-weapon / combat_status out_of_scope,no executable slot published,no simulation-mapping row,-,equipment list entry (skaven-of-clan-moulder-web:heroes-equipment-list),-,-,bloqueado por fuente,T13-Q113: item semantics pending; no executable mechanic published
sources/2A/catalog/items/moulder-equipment.yaml#wolf_rat_mount#wolf_rat_mount,sources/knowledge/catalog/items/out-of-scope.yaml#wolf_rat_mount,item / out-of-scope / combat_status out_of_scope,no initial-construction entry; campaign trading-post item,no simulation-mapping row,-,campaign trading post only; no construction caller,-,-,bloqueado por fuente,T13-Q114: item semantics pending; no executable mechanic published
sources/2A/catalog/items/necrarch-equipment.yaml#staff_of_damnation#staff_of_damnation,sources/knowledge/catalog/items/combat-equipment.yaml#staff_of_damnation,item / combat-equipment / combat_status out_of_scope,no executable slot published,no simulation-mapping row,-,equipment list entry (necrarchs-the-soul-stealers-lotd1:necrarch-hero-equipment-list),-,-,pendiente de implementación,out_of_scope; no executable mechanic published
sources/2A/catalog/items/necrarch-equipment.yaml#damned_book#damned_book,sources/knowledge/catalog/items/combat-equipment.yaml#damned_book,item / combat-equipment / combat_status out_of_scope,no executable slot published,no simulation-mapping row,-,equipment list entry (necrarchs-the-soul-stealers-lotd1:necrarch-hero-equipment-list),-,-,pendiente de implementación,out_of_scope; no executable mechanic published
sources/2A/catalog/items/nipponese-equipment.yaml#kanabo#kanabo,sources/knowledge/catalog/items/combat-equipment.yaml#kanabo,item / combat-equipment / combat_status out_of_scope,no executable slot published,no simulation-mapping row,-,"equipment list entry (nipponese-expedition-web:monk-equipment-list, nipponese-expedition-web:nippon-noble-equipment-list, nipponese-expedition-web:nippon-warrior-equipment-list)",-,-,pendiente de implementación,out_of_scope; no executable mechanic published
sources/2A/catalog/items/nipponese-equipment.yaml#sashimono#sashimono,sources/knowledge/catalog/items/combat-equipment.yaml#sashimono,item / combat-equipment / combat_status out_of_scope,no executable slot published,no simulation-mapping row,-,"equipment list entry (nipponese-expedition-web:monk-equipment-list, nipponese-expedition-web:nippon-noble-equipment-list, nipponese-expedition-web:nippon-warrior-equipment-list)",-,-,pendiente de implementación,out_of_scope; no executable mechanic published
sources/2A/catalog/items/nipponese-equipment.yaml#kusarigama#kusarigama,sources/knowledge/catalog/items/combat-equipment.yaml#kusarigama,item / combat-equipment / combat_status out_of_scope,no executable slot published,no simulation-mapping row,-,equipment list entry (nipponese-expedition-web:shinobi-equipment-list),-,-,bloqueado por fuente,T13-Q116: item semantics pending; no executable mechanic published
sources/2A/catalog/items/ogre-hunting-party-equipment.yaml#pigback_mount#pigback_mount,sources/knowledge/catalog/items/out-of-scope.yaml#pigback_mount,item / out-of-scope / combat_status out_of_scope,no executable slot published,no simulation-mapping row,-,equipment list entry (ogre-hunting-party-web:gnoblar-equipment-list),-,-,bloqueado por fuente,T13-Q117: item semantics pending; no executable mechanic published
sources/2A/catalog/items/protectorate-equipment.yaml#shield_of_sigmar#shield_of_sigmar,sources/knowledge/catalog/items/armour.yaml#shield_of_sigmar,item / armour / combat_status out_of_scope,no executable slot published,no simulation-mapping row,-,equipment list entry (protectorate-of-sigmar-lotd3:protectorate-equipment-list),-,-,pendiente de implementación,out_of_scope; no executable mechanic published
sources/2A/catalog/items/sorcerous-society-equipment.yaml#wizards_staff#wizards_staff,sources/knowledge/catalog/items/combat-equipment.yaml#wizards_staff,item / combat-equipment / combat_status out_of_scope,no executable slot published,no simulation-mapping row,-,equipment list entry (sorcerous-society-lotd4:sorcerous-society-equipment-list),-,-,pendiente de implementación,out_of_scope; no executable mechanic published
sources/2A/catalog/items/sorcerous-society-equipment.yaml#society_familiar#society_familiar,sources/knowledge/catalog/items/out-of-scope.yaml#society_familiar,item / out-of-scope / combat_status out_of_scope,no executable slot published,no simulation-mapping row,-,equipment list entry (sorcerous-society-lotd4:sorcerous-society-equipment-list),-,-,bloqueado por fuente,T13-Q119: item semantics pending; no executable mechanic published
sources/2A/catalog/items/survivors-of-strigos-equipment.yaml#chest_talon#chest_talon,sources/knowledge/catalog/items/combat-equipment.yaml#chest_talon,item / combat-equipment / combat_status out_of_scope,no executable slot published,no simulation-mapping row,-,equipment list entry (survivors-of-strigos-sylv:hero-equipment-list),-,-,bloqueado por fuente,T13-Q120: item semantics pending; no executable mechanic published
sources/2A/catalog/items/survivors-of-strigos-equipment.yaml#cursed_book#cursed_book,sources/knowledge/catalog/items/combat-equipment.yaml#cursed_book,item / combat-equipment / combat_status out_of_scope,no executable slot published,no simulation-mapping row,-,equipment list entry (survivors-of-strigos-sylv:hero-equipment-list),-,-,pendiente de implementación,out_of_scope; no executable mechanic published
sources/2A/catalog/items/vampire-hunter-equipment.yaml#silver_tip_stake#silver_tip_stake,sources/knowledge/catalog/items/combat-equipment.yaml#silver_tip_stake,item / combat-equipment / combat_status out_of_scope,no executable slot published,no simulation-mapping row,-,"equipment list entry (vampire-hunters-of-sylvania-lotd5:pilgrim-equipment-list, vampire-hunters-of-sylvania-lotd5:vampire-hunters-hero-equipment-list)",-,-,pendiente de implementación,out_of_scope; no executable mechanic published
sources/2A/catalog/items/vampire-hunter-equipment.yaml#throat_guard#throat_guard,sources/knowledge/catalog/items/armour.yaml#throat_guard,item / armour / combat_status out_of_scope,no executable slot published,no simulation-mapping row,-,equipment list entry (vampire-hunters-of-sylvania-lotd5:vampire-hunters-hero-equipment-list),-,-,bloqueado por fuente,T13-Q121: item semantics pending; no executable mechanic published
sources/2B/catalog/items/channel-rats-equipment.yaml#rope_and_hook#rope_and_hook,sources/knowledge/catalog/items/out-of-scope.yaml#rope_hook,item / out-of-scope / combat_status out_of_scope,no executable slot published,item mapping declares out_of_scope,item rope_hook -> out_of_scope,"equipment list entry (bretonnian-buccaneers-sar:None, channel-rats-mim:strigany-equipment-list, estalian-corsairs-sar:None, fen-guard-mim:dryad-equipment-list, guild-of-disgraced-engineers-mim:engineer-equipment-list, halflings-mic:halfling-thief-equipment-list, khorne-raiders-sar:pirate-equipment-list, low-kings-mim:mobsmen-equipment-list, lustria-pirates:None, lustria-savage-goblins:None, lustrian-reavers:hero-equipment-list, nipponese-expedition-web:shinobi-equipment-list, ogre-hunting-party-web:gnoblar-equipment-list, sartosan-pirates-sar:None, sea-ghosts-mim:elf-rangers-equipment-list, silent-brotherhood-sc:brotherhood-equipment-list, slayer-pirates-sar:pirate-equipment-list, wasteland-privateers-sar:None)",-,-,pendiente de implementación,out_of_scope; no executable mechanic published
sources/2B/catalog/items/channel-rats-equipment.yaml#wicker_man#wicker_man,sources/knowledge/catalog/items/out-of-scope.yaml#wicker_man,item / out-of-scope / combat_status out_of_scope,no initial-construction entry; campaign trading-post item,no simulation-mapping row,-,campaign trading post only; no construction caller,-,-,bloqueado por fuente,T13-Q122: item semantics pending; no executable mechanic published
sources/2B/catalog/items/channel-rats-equipment.yaml#scuttling_hand#scuttling_hand,sources/knowledge/catalog/items/out-of-scope.yaml#scuttling_hand,item / out-of-scope / combat_status out_of_scope,no initial-construction entry; campaign trading-post item,no simulation-mapping row,-,campaign trading post only; no construction caller,-,-,bloqueado por fuente,T13-Q123: item semantics pending; no executable mechanic published
sources/2B/catalog/items/corpse-liquor.yaml#corpse_liquor#corpse_liquor,sources/knowledge/catalog/items/combat-equipment.yaml#corpse_liquor,item / combat-equipment / combat_status out_of_scope,no initial-construction entry; campaign trading-post item,no simulation-mapping row,-,campaign trading post only; no construction caller,-,-,bloqueado por fuente,T13-Q124: item semantics pending; no executable mechanic published
sources/2B/catalog/items/hireling-gear.yaml#angel_wings#angel_wings,sources/knowledge/catalog/items/out-of-scope.yaml#angel_wings,item / out-of-scope / combat_status out_of_scope,no initial-construction entry; campaign trading-post item,no simulation-mapping row,-,campaign trading post only; no construction caller,-,-,pendiente de implementación,out_of_scope; no executable mechanic published
sources/2B/catalog/items/hireling-gear.yaml#shovel#shovel,sources/knowledge/catalog/items/combat-equipment.yaml#shovel,item / combat-equipment / combat_status out_of_scope,no executable slot published,no simulation-mapping row,-,"equipment list entry (grave-robbers-sylv:henchmen-equipment-list, grave-robbers-sylv:hero-equipment-list)",-,-,pendiente de implementación,out_of_scope; no executable mechanic published
sources/2B/catalog/items/hireling-gear.yaml#arcane_candelabrum#arcane_candelabrum,sources/knowledge/catalog/items/combat-equipment.yaml#arcane_candelabrum,item / combat-equipment / combat_status out_of_scope,no initial-construction entry; campaign trading-post item,no simulation-mapping row,-,campaign trading post only; no construction caller,-,-,bloqueado por fuente,T13-Q125: item semantics pending; no executable mechanic published
sources/2B/catalog/items/kaz-runic-artefacts.yaml#runic_builders_boots#runic_builders_boots,sources/knowledge/catalog/items/out-of-scope.yaml#runic_builders_boots,item / out-of-scope / combat_status out_of_scope,no initial-construction entry; campaign trading-post item,no simulation-mapping row,-,campaign trading post only; no construction caller,-,-,pendiente de implementación,out_of_scope; no executable mechanic published
sources/2B/catalog/items/kaz-runic-artefacts.yaml#runic_sword_of_snorri_elfbane#runic_sword_of_snorri_elfbane,sources/knowledge/catalog/items/weapons-close-combat.yaml#runic_sword_of_snorri_elfbane,item / close-combat-weapon / combat_status out_of_scope,no initial-construction entry; campaign trading-post item,no simulation-mapping row,-,campaign trading post only; no construction caller,-,-,pendiente de implementación,out_of_scope; no executable mechanic published
sources/2B/catalog/items/kaz-runic-artefacts.yaml#runic_attlas_plate_mail#runic_attlas_plate_mail,sources/knowledge/catalog/items/armour.yaml#runic_attlas_plate_mail,item / armour / combat_status out_of_scope,no initial-construction entry; campaign trading-post item,no simulation-mapping row,-,campaign trading post only; no construction caller,-,-,pendiente de implementación,out_of_scope; no executable mechanic published
sources/2B/catalog/items/kaz-runic-artefacts.yaml#runic_redbeards_belt_of_rage#runic_redbeards_belt_of_rage,sources/knowledge/catalog/items/combat-equipment.yaml#runic_redbeards_belt_of_rage,item / combat-equipment / combat_status out_of_scope,no initial-construction entry; campaign trading-post item,no simulation-mapping row,-,campaign trading post only; no construction caller,-,-,bloqueado por fuente,T13-Q126: item semantics pending; no executable mechanic published
sources/2B/catalog/items/kaz-runic-artefacts.yaml#runic_eye_of_izril#runic_eye_of_izril,sources/knowledge/catalog/items/combat-equipment.yaml#runic_eye_of_izril,item / combat-equipment / combat_status out_of_scope,no initial-construction entry; campaign trading-post item,no simulation-mapping row,-,campaign trading post only; no construction caller,-,-,pendiente de implementación,out_of_scope; no executable mechanic published
sources/2B/catalog/items/lus-mou-remaining.yaml#mage_staff_of_hoeth#mage_staff_of_hoeth,sources/knowledge/catalog/items/weapons-close-combat.yaml#mage_staff_of_hoeth,item / close-combat-weapon / combat_status out_of_scope,no executable slot published,no simulation-mapping row,-,equipment list entry (high-elves-lus:hero-equipment-list),-,-,pendiente de implementación,out_of_scope; no executable mechanic published
sources/2B/catalog/items/lus-mou-remaining.yaml#horsemans_hammer#horsemans_hammer,sources/knowledge/catalog/items/miscellaneous.yaml#horsemans_hammer,item / close-combat-weapon / combat_status out_of_scope,no executable slot published,no simulation-mapping row,-,equipment list entry (knights-of-the-bitter-moors-mim:knights-equipment-list),-,-,pendiente de implementación,out_of_scope; no executable mechanic published
sources/2B/catalog/items/lus-mou-remaining.yaml#field_trebuchet#field_trebuchet,sources/knowledge/catalog/items/out-of-scope.yaml#field_trebuchet,item / out-of-scope / combat_status out_of_scope,no executable slot published,no simulation-mapping row,-,equipment list entry (knights-of-the-bitter-moors-mim:men-at-arms-equipment-list),-,-,bloqueado por fuente,T13-Q127: item semantics pending; no executable mechanic published
sources/2B/catalog/items/lus-mou-remaining.yaml#dragon_cloak#dragon_cloak,sources/knowledge/catalog/items/shields-and-defences.yaml#sea_dragon_cloak,item / shield-or-defence / combat_status implemented,defence/passive slot,item mapping implemented + mechanic present + equipment list entry,item sea_dragon_cloak -> engine_option Sea Dragon cloak -> defence.sea-dragon-cloak,"mechanic defence.sea-dragon-cloak is reachable from dark-elves, but T13-Q128 keeps it out of approved evidence",-,-,bloqueado por fuente,T13-Q128: printed source explicitly lists disagreement on armour composition
sources/2B/catalog/items/lus-rel-shared.yaml#plague_censer#plague_censer,sources/knowledge/catalog/items/weapons-close-combat.yaml#plague_censer,item / close-combat-weapon / combat_status out_of_scope,no executable slot published,no simulation-mapping row,-,"equipment list entry (skaven-of-clan-pestilens-lus:hero-equipment-list, skaven-of-clan-pestilens-mou:clan-pestilence-equipment-list)",-,-,bloqueado por fuente,T13-Q129: item semantics pending; no executable mechanic published
sources/2B/catalog/items/lus-rel-shared.yaml#warp_blades#warp_blades,sources/knowledge/catalog/items/weapons-close-combat.yaml#warp_blades,item / close-combat-weapon / combat_status out_of_scope,no executable slot published,no simulation-mapping row,-,equipment list entry (skaven-of-clan-skryre-rel:heroes-equipment-list),-,-,pendiente de implementación,out_of_scope; no executable mechanic published
sources/2B/catalog/items/lus-rel-shared.yaml#trappers_pole#trappers_pole,sources/knowledge/catalog/items/weapons-close-combat.yaml#trappers_pole,item / close-combat-weapon / combat_status out_of_scope,no executable slot published,no simulation-mapping row,-,equipment list entry (slavers-rel:slaver-equipment-list),-,-,pendiente de implementación,out_of_scope; no executable mechanic published
sources/2B/catalog/items/lus-rel-shared.yaml#rel_riding_horse#rel_riding_horse,sources/knowledge/catalog/items/out-of-scope.yaml#rel_riding_horse,item / out-of-scope / combat_status out_of_scope,no executable slot published,no simulation-mapping row,-,"equipment list entry (disciples-of-maldred-mou:squires-equipment-list, ghutani-rel:arabian-tribe-equipment-list, muzil-rel:arabian-tribe-equipment-list, turjuk-rel:arabian-tribe-equipment-list)",-,-,bloqueado por fuente,T13-Q130: item semantics pending; no executable mechanic published
sources/2B/catalog/items/lus-rel-shared.yaml#red_toof_clan_membership#red_toof_clan_membership,sources/knowledge/catalog/items/combat-equipment.yaml#red_toof_clan_membership,item / combat-equipment / combat_status out_of_scope,no executable slot published,no simulation-mapping row,-,equipment list entry (forest-goblins-lus:special-forest-goblin-equipment),-,-,pendiente de implementación,out_of_scope; no executable mechanic published
sources/2B/catalog/items/lus-rel-shared.yaml#arachnid_mount#arachnid_mount,sources/knowledge/catalog/items/out-of-scope.yaml#arachnid_mount,item / out-of-scope / combat_status out_of_scope,no executable slot published,no simulation-mapping row,-,equipment list entry (forest-goblins-lus:special-forest-goblin-equipment),-,-,bloqueado por fuente,T13-Q131: item semantics pending; no executable mechanic published
sources/2B/catalog/items/lus-rel-shared.yaml#mark_of_the_old_ones#mark_of_the_old_ones,sources/knowledge/catalog/items/combat-equipment.yaml#mark_of_the_old_ones,item / combat-equipment / combat_status out_of_scope,no executable slot published,no simulation-mapping row,-,equipment list entry (lizardmen-lus:special-lizardmen-equipment),-,-,bloqueado por fuente,T13-Q132: item semantics pending; no executable mechanic published
sources/2B/catalog/items/lus-rel-shared.yaml#oversized_jaws#oversized_jaws,sources/knowledge/catalog/items/combat-equipment.yaml#oversized_jaws,item / combat-equipment / combat_status out_of_scope,no executable slot published,no simulation-mapping row,-,equipment list entry (lizardmen-lus:special-lizardmen-equipment),-,-,pendiente de implementación,out_of_scope; no executable mechanic published
sources/2B/catalog/items/lus-rel-shared.yaml#poison_glands#poison_glands,sources/knowledge/catalog/items/combat-equipment.yaml#poison_glands,item / combat-equipment / combat_status out_of_scope,no executable slot published,no simulation-mapping row,-,equipment list entry (lizardmen-lus:special-lizardmen-equipment),-,-,bloqueado por fuente,T13-Q133: item semantics pending; no executable mechanic published
sources/2B/catalog/items/mim-special-equipment-a.yaml#warplock_pistol#warplock_pistol,sources/knowledge/catalog/items/weapons-ranged.yaml#warplock_pistol,item / ranged-weapon / combat_status out_of_scope,no executable slot published,no simulation-mapping row,-,"equipment list entry (metal-mongers-mim:heroes-equipment-list, skaven-of-clan-moulder-web:heroes-equipment-list, skaven-of-clan-pestilens-mou:clan-pestilence-equipment-list)",-,-,pendiente de implementación,out_of_scope; no executable mechanic published
sources/2B/catalog/items/mim-special-equipment-a.yaml#gas_mask#gas_mask,sources/knowledge/catalog/items/armour.yaml#gas_mask,item / armour / combat_status out_of_scope,no executable slot published,no simulation-mapping row,-,"equipment list entry (metal-mongers-mim:heroes-equipment-list, skaven-of-clan-skryre-rel:heroes-equipment-list)",-,-,bloqueado por fuente,T13-Q134: item semantics pending; no executable mechanic published
sources/2B/catalog/items/mim-special-equipment-a.yaml#pneumatic_arm#pneumatic_arm,sources/knowledge/catalog/items/combat-equipment.yaml#pneumatic_arm,item / combat-equipment / combat_status out_of_scope,no executable slot published,no simulation-mapping row,-,equipment list entry (metal-mongers-mim:heroes-equipment-list),-,-,bloqueado por fuente,T13-Q135: item semantics pending; no executable mechanic published
sources/2B/catalog/items/mim-special-equipment-a.yaml#poison_wind_globe#poison_wind_globe,sources/knowledge/catalog/items/weapons-ranged.yaml#poison_wind_globe,item / ranged-weapon / combat_status out_of_scope,no executable slot published,no simulation-mapping row,-,"equipment list entry (metal-mongers-mim:heroes-equipment-list, skaven-of-clan-skryre-rel:heroes-equipment-list)",-,-,bloqueado por fuente,T13-Q136: item semantics pending; no executable mechanic published
sources/2B/catalog/items/mim-special-equipment-a.yaml#spike_jawed_snatcher#spike_jawed_snatcher,sources/knowledge/catalog/items/weapons-close-combat.yaml#spike_jawed_snatcher,item / close-combat-weapon / combat_status out_of_scope,no executable slot published,no simulation-mapping row,-,equipment list entry (metal-mongers-mim:heroes-equipment-list),-,-,pendiente de implementación,out_of_scope; no executable mechanic published
sources/2B/catalog/items/mim-special-equipment-a.yaml#hunting_bird#hunting_bird,sources/knowledge/catalog/items/out-of-scope.yaml#hunting_bird,item / out-of-scope / combat_status out_of_scope,no executable slot published,no simulation-mapping row,-,equipment list entry (watchmen-mim:watchmen-equipment-list),-,-,pendiente de implementación,out_of_scope; no executable mechanic published
sources/2B/catalog/items/mim-special-equipment-a.yaml#watch_carriage#watch_carriage,sources/knowledge/catalog/items/out-of-scope.yaml#watch_carriage,item / out-of-scope / combat_status out_of_scope,no executable slot published,no simulation-mapping row,-,equipment list entry (watchmen-mim:watchmen-equipment-list),-,-,bloqueado por fuente,T13-Q137: item semantics pending; no executable mechanic published
sources/2B/catalog/items/mim-special-equipment-a.yaml#wrench#wrench,sources/knowledge/catalog/items/weapons-close-combat.yaml#wrench,item / close-combat-weapon / combat_status out_of_scope,no executable slot published,no simulation-mapping row,-,"equipment list entry (metal-mongers-mim:henchmen-equipment-list, metal-mongers-mim:heroes-equipment-list)",-,-,pendiente de implementación,out_of_scope; no executable mechanic published
sources/2B/catalog/items/mim-special-equipment-a.yaml#wardog#wardog,sources/knowledge/catalog/items/out-of-scope.yaml#warhound,item / out-of-scope / combat_status out_of_scope,no executable slot published,item mapping declares out_of_scope,item warhound -> out_of_scope,"equipment list entry (bretonnian-knights-errant-mou:knights-errant-equipment-list, lustrian-reavers:hero-equipment-list, watchmen-mim:watchmen-equipment-list)",-,-,bloqueado por fuente,T13-Q138: item semantics pending; no executable mechanic published
sources/2B/catalog/items/mim-special-equipment-b.yaml#greenwood_scythe#greenwood_scythe,sources/knowledge/catalog/items/weapons-close-combat.yaml#greenwood_scythe,item / close-combat-weapon / combat_status out_of_scope,no executable slot published,no simulation-mapping row,-,equipment list entry (fen-guard-mim:dryad-equipment-list),-,-,bloqueado por fuente,T13-Q139: item semantics pending; no executable mechanic published
sources/2B/catalog/items/mim-special-equipment-b.yaml#iron_bark#iron_bark,sources/knowledge/catalog/items/armour.yaml#iron_bark,item / armour / combat_status out_of_scope,no executable slot published,no simulation-mapping row,-,equipment list entry (fen-guard-mim:dryad-equipment-list),-,-,bloqueado por fuente,T13-Q140: item semantics pending; no executable mechanic published
sources/2B/catalog/items/mim-special-equipment-b.yaml#horn_of_the_wild_hunt#horn_of_the_wild_hunt,sources/knowledge/catalog/items/combat-equipment.yaml#horn_of_the_wild_hunt,item / combat-equipment / combat_status out_of_scope,no executable slot published,no simulation-mapping row,-,equipment list entry (fen-guard-mim:dryad-equipment-list),-,-,pendiente de implementación,out_of_scope; no executable mechanic published
sources/2B/catalog/items/mim-special-equipment-b.yaml#hunting_hounds#hunting_hounds,sources/knowledge/catalog/items/out-of-scope.yaml#hunting_hounds,item / out-of-scope / combat_status out_of_scope,no initial-construction entry; campaign trading-post item,no simulation-mapping row,-,campaign trading post only; no construction caller,-,-,pendiente de implementación,out_of_scope; no executable mechanic published
sources/2B/catalog/items/mim-special-equipment-b.yaml#bear_of_the_hunt#bear_of_the_hunt,sources/knowledge/catalog/items/out-of-scope.yaml#bear_of_the_hunt,item / out-of-scope / combat_status out_of_scope,no initial-construction entry; campaign trading-post item,no simulation-mapping row,-,campaign trading post only; no construction caller,-,-,bloqueado por fuente,T13-Q141: item semantics pending; no executable mechanic published
sources/2B/catalog/items/mim-special-equipment-b.yaml#sabre_toothed_tiger#sabre_toothed_tiger,sources/knowledge/catalog/items/out-of-scope.yaml#sabre_toothed_tiger,item / out-of-scope / combat_status out_of_scope,no initial-construction entry; campaign trading-post item,no simulation-mapping row,-,campaign trading post only; no construction caller,-,-,pendiente de implementación,out_of_scope; no executable mechanic published
sources/2B/catalog/items/mim-special-equipment-b.yaml#great_stag#great_stag,sources/knowledge/catalog/items/out-of-scope.yaml#great_stag,item / out-of-scope / combat_status out_of_scope,no initial-construction entry; campaign trading-post item,no simulation-mapping row,-,campaign trading post only; no construction caller,-,-,bloqueado por fuente,T13-Q142: item semantics pending; no executable mechanic published
sources/2B/catalog/items/mim-special-equipment-b.yaml#great_eagle#great_eagle,sources/knowledge/catalog/items/out-of-scope.yaml#great_eagle,item / out-of-scope / combat_status out_of_scope,no initial-construction entry; campaign trading-post item,no simulation-mapping row,-,campaign trading post only; no construction caller,-,-,bloqueado por fuente,T13-Q143: item semantics pending; no executable mechanic published
sources/2B/catalog/items/mim-special-equipment-b.yaml#magic_acorn#magic_acorn,sources/knowledge/catalog/items/combat-equipment.yaml#magic_acorn,item / combat-equipment / combat_status out_of_scope,no executable slot published,no simulation-mapping row,-,"equipment list entry (fen-guard-mim:dryad-equipment-list, militiant-mootlanders-mim:heroes-equipment-list)",-,-,pendiente de implementación,out_of_scope; no executable mechanic published
sources/2B/catalog/items/mim-special-equipment-b.yaml#fences_iron_strongbox#fences_iron_strongbox,sources/knowledge/catalog/items/combat-equipment.yaml#fences_iron_strongbox,item / combat-equipment / combat_status out_of_scope,no executable slot published,no simulation-mapping row,-,equipment list entry (low-kings-mim:mobsmen-equipment-list),-,-,bloqueado por fuente,T13-Q144: item semantics pending; no executable mechanic published
sources/2B/catalog/items/mim-special-equipment-b.yaml#knuckledusters#knuckledusters,sources/knowledge/catalog/items/weapons-close-combat.yaml#knuckledusters,item / close-combat-weapon / combat_status out_of_scope,no executable slot published,no simulation-mapping row,-,equipment list entry (low-kings-mim:mobsmen-equipment-list),-,-,pendiente de implementación,out_of_scope; no executable mechanic published
sources/2B/catalog/items/mim-special-equipment-b.yaml#wild_mountain_goat#wild_mountain_goat,sources/knowledge/catalog/items/out-of-scope.yaml#wild_mountain_goat,item / out-of-scope / combat_status out_of_scope,no executable slot published,no simulation-mapping row,-,equipment list entry (militiant-mootlanders-mim:heroes-equipment-list),-,-,bloqueado por fuente,T13-Q145: item semantics pending; no executable mechanic published
sources/2B/catalog/items/mim-special-equipment-c.yaml#spirit_knife#spirit_knife,sources/knowledge/catalog/items/weapons-close-combat.yaml#spirit_knife,item / close-combat-weapon / combat_status out_of_scope,no executable slot published,no simulation-mapping row,-,equipment list entry (call-of-the-night-haint-mim:night-haint-equipment-list),-,-,bloqueado por fuente,T13-Q146: item semantics pending; no executable mechanic published
sources/2B/catalog/items/mim-special-equipment-c.yaml#mortis_engine#mortis_engine,sources/knowledge/catalog/items/out-of-scope.yaml#mortis_engine,item / out-of-scope / combat_status out_of_scope,no executable slot published,no simulation-mapping row,-,equipment list entry (call-of-the-night-haint-mim:night-haint-equipment-list),-,-,bloqueado por fuente,T13-Q147: item semantics pending; no executable mechanic published
sources/2B/catalog/items/mim-special-equipment-c.yaml#stromfels_heart#stromfels_heart,sources/knowledge/catalog/items/combat-equipment.yaml#stromfels_heart,item / combat-equipment / combat_status out_of_scope,no executable slot published,no simulation-mapping row,-,equipment list entry (shallows-beasts-mim:heroes-equipment-list),-,-,bloqueado por fuente,T13-Q148: item semantics pending; no executable mechanic published
sources/2B/catalog/items/mim-special-equipment-c.yaml#scrimshaw_bauble#scrimshaw_bauble,sources/knowledge/catalog/items/combat-equipment.yaml#scrimshaw_bauble,item / combat-equipment / combat_status out_of_scope,no executable slot published,no simulation-mapping row,-,equipment list entry (shallows-beasts-mim:heroes-equipment-list),-,-,pendiente de implementación,out_of_scope; no executable mechanic published
sources/2B/catalog/items/mim-special-equipment-c.yaml#spear_stave#spear_stave,sources/knowledge/catalog/items/weapons-close-combat.yaml#spear_stave,item / close-combat-weapon / combat_status out_of_scope,no executable slot published,no simulation-mapping row,-,equipment list entry (sea-ghosts-mim:feast-master-equipment-list),-,-,pendiente de implementación,out_of_scope; no executable mechanic published
sources/2B/catalog/items/miracle-workers-gear.yaml#wolf_pelt_cloak#wolf_pelt_cloak,sources/knowledge/catalog/items/combat-equipment.yaml#wolf_pelt_cloak,item / combat-equipment / combat_status out_of_scope,no initial-construction entry; campaign trading-post item,no simulation-mapping row,-,campaign trading post only; no construction caller,-,-,bloqueado por fuente,T13-Q149: item semantics pending; no executable mechanic published
sources/2B/catalog/items/sar-sartosa-gear.yaml#booma_pistol#booma_pistol,sources/knowledge/catalog/items/weapons-ranged.yaml#booma_pistol,item / ranged-weapon / combat_status out_of_scope,no executable slot published,no simulation-mapping row,-,"equipment list entry (orc-pirates-sar:goblin-swabbie-equipment-list, orc-pirates-sar:orc-equipment-list)",-,-,bloqueado por fuente,T13-Q150: item semantics pending; no executable mechanic published
sources/2B/catalog/items/sar-sartosa-gear.yaml#cathayan_plate_armour#cathayan_plate_armour,sources/knowledge/catalog/items/armour.yaml#cathayan_plate_armour,item / armour / combat_status out_of_scope,no executable slot published,no simulation-mapping row,-,equipment list entry (pirates-of-the-cathayan-sea-sar:pirate-equipment-list),-,-,pendiente de implementación,out_of_scope; no executable mechanic published
sources/2B/catalog/items/sar-sartosa-gear.yaml#katana#katana,sources/knowledge/catalog/items/weapons-close-combat.yaml#katana,item / close-combat-weapon / combat_status out_of_scope,no executable slot published,no simulation-mapping row,-,"equipment list entry (nipponese-expedition-web:monk-equipment-list, nipponese-expedition-web:nippon-noble-equipment-list, nipponese-expedition-web:nippon-warrior-equipment-list, nipponese-expedition-web:shinobi-equipment-list, pirates-of-the-cathayan-sea-sar:monk-equipment-list, pirates-of-the-cathayan-sea-sar:pirate-equipment-list)",-,-,pendiente de implementación,out_of_scope; no executable mechanic published
sources/2B/catalog/items/sar-sartosa-gear.yaml#dueling_pistol#dueling_pistol,sources/knowledge/catalog/items/weapons-ranged.yaml#duelling_pistol,item / ranged-weapon / combat_status implemented,main hand; off hand,item mapping implemented + mechanic present + equipment list entry,item duelling_pistol -> engine_option Duelling pistol -> weapon.duelling-pistol,"compile_fighter(FighterBuild(""mordheim"", band_id=""mercenaries"", profile_id=""mercenary-captain"", main_weapon_id=""weapon.duelling-pistol""))",main_weapon tags weapon.duelling-pistol; fixed_strength=4; armour_penetration=1; hit_modifier=1,test_duelling_pistol_is_selectable_in_both_hand_slots_with_its_published_close_combat_profile,probado,T13-Q151 remains open for the full pistol H2H/reload/save contract; selection and compilation only
sources/2B/catalog/items/sar-sartosa-gear.yaml#dwarven_pistol#dwarven_pistol,sources/knowledge/catalog/items/weapons-ranged.yaml#dwarven_pistol,item / ranged-weapon / combat_status out_of_scope,no executable slot published,no simulation-mapping row,-,"equipment list entry (slayer-pirates-sar:gunner-equipment-list, slayer-pirates-sar:pirate-equipment-list)",-,-,bloqueado por fuente,T13-Q152: item semantics pending; no executable mechanic published
sources/2B/catalog/items/sar-sartosa-gear.yaml#hellblade#hellblade,sources/knowledge/catalog/items/weapons-close-combat.yaml#hellblade,item / close-combat-weapon / combat_status out_of_scope,no executable slot published,no simulation-mapping row,-,"equipment list entry (khorne-raiders-sar:madbrain-equipment-list, khorne-raiders-sar:pirate-equipment-list)",-,-,pendiente de implementación,out_of_scope; no executable mechanic published
sources/2B/catalog/items/sar-sartosa-gear.yaml#cursed_pistol#cursed_pistol,sources/knowledge/catalog/items/weapons-ranged.yaml#cursed_pistol,item / ranged-weapon / combat_status out_of_scope,no executable slot published,no simulation-mapping row,-,"equipment list entry (ghost-pirates-sar:bloated-equipment-list, ghost-pirates-sar:ghost-equipment-list, ghost-pirates-sar:skeleton-equipment-list)",-,-,bloqueado por fuente,T13-Q153: item semantics pending; no executable mechanic published
sources/2B/catalog/items/savage-orc-and-skryre-gear.yaml#stone_dagger#stone_dagger,sources/knowledge/catalog/items/weapons-close-combat.yaml#stone_dagger,item / close-combat-weapon / combat_status out_of_scope,no executable slot published,no simulation-mapping row,-,equipment list entry (savage-orcs-kaz:savage-orc-equipment-list),-,-,bloqueado por fuente,T13-Q154: item semantics pending; no executable mechanic published
sources/2B/catalog/items/savage-orc-and-skryre-gear.yaml#stone_hammer#stone_hammer,sources/knowledge/catalog/items/weapons-close-combat.yaml#stone_hammer,item / close-combat-weapon / combat_status out_of_scope,no executable slot published,no simulation-mapping row,-,equipment list entry (savage-orcs-kaz:savage-orc-equipment-list),-,-,bloqueado por fuente,T13-Q154: item semantics pending; no executable mechanic published
sources/2B/catalog/items/savage-orc-and-skryre-gear.yaml#skull_busta#skull_busta,sources/knowledge/catalog/items/weapons-close-combat.yaml#skull_busta,item / close-combat-weapon / combat_status out_of_scope,no executable slot published,no simulation-mapping row,-,equipment list entry (savage-orcs-kaz:savage-orc-equipment-list),-,-,pendiente de implementación,out_of_scope; no executable mechanic published
sources/2B/catalog/items/savage-orc-and-skryre-gear.yaml#warpaint#warpaint,sources/knowledge/catalog/items/combat-equipment.yaml#warpaint,item / combat-equipment / combat_status out_of_scope,no executable slot published,no simulation-mapping row,-,equipment list entry (savage-orcs-kaz:savage-orc-equipment-list),-,-,bloqueado por fuente,T13-Q155: item semantics pending; no executable mechanic published
sources/2B/catalog/items/savage-orc-and-skryre-gear.yaml#kumfy_gear#kumfy_gear,sources/knowledge/catalog/items/armour.yaml#kumfy_gear,item / armour / combat_status out_of_scope,no executable slot published,no simulation-mapping row,-,equipment list entry (savage-orcs-kaz:savage-orc-equipment-list),-,-,pendiente de implementación,out_of_scope; no executable mechanic published
sources/2B/catalog/items/savage-orc-and-skryre-gear.yaml#effigy_of_mork#effigy_of_mork,sources/knowledge/catalog/items/combat-equipment.yaml#effigy_of_mork,item / combat-equipment / combat_status out_of_scope,no executable slot published,no simulation-mapping row,-,equipment list entry (savage-orcs-kaz:savage-orc-equipment-list),-,-,bloqueado por fuente,T13-Q156: item semantics pending; no executable mechanic published
sources/2B/catalog/items/savage-orc-and-skryre-gear.yaml#jezzail#jezzail,sources/knowledge/catalog/items/weapons-ranged.yaml#jezzail,item / ranged-weapon / combat_status out_of_scope,no executable slot published,no simulation-mapping row,-,"equipment list entry (metal-mongers-mim:heroes-equipment-list, skaven-of-clan-skryre-kaz:skaven-hero-equipment-list)",-,-,pendiente de implementación,out_of_scope; no executable mechanic published
sources/2B/catalog/items/sc-sealed-city-gear.yaml#long_daggers#long_daggers,sources/knowledge/catalog/items/weapons-close-combat.yaml#long_daggers,item / close-combat-weapon / combat_status out_of_scope,no executable slot published,no simulation-mapping row,-,equipment list entry (silent-brotherhood-sc:brotherhood-equipment-list),-,-,pendiente de implementación,out_of_scope; no executable mechanic published
sources/2B/catalog/items/sc-sealed-city-gear.yaml#clockwork_rifle#clockwork_rifle,sources/knowledge/catalog/items/weapons-ranged.yaml#clockwork_rifle,item / ranged-weapon / combat_status out_of_scope,no executable slot published,no simulation-mapping row,-,"equipment list entry (clockworkers-sc:constructs-equipment-list, clockworkers-sc:heroes-equipment-list)",-,-,pendiente de implementación,out_of_scope; no executable mechanic published
sources/2B/catalog/items/sc-sealed-city-gear.yaml#orichalcum_token#orichalcum_token,sources/knowledge/catalog/items/combat-equipment.yaml#orichalcum_token,item / combat-equipment / combat_status out_of_scope,no executable slot published,no simulation-mapping row,-,equipment list entry (clockworkers-sc:heroes-equipment-list),-,-,pendiente de implementación,out_of_scope; no executable mechanic published
sources/2B/catalog/items/sc-sealed-city-gear.yaml#bramstetters_advanced_construct_thesis#bramstetters_advanced_construct_thesis,sources/knowledge/catalog/items/combat-equipment.yaml#bramstetters_advanced_construct_thesis,item / combat-equipment / combat_status out_of_scope,no executable slot published,no simulation-mapping row,-,equipment list entry (clockworkers-sc:special-clockworker-equipment),-,-,bloqueado por fuente,T13-Q157: item semantics pending; no executable mechanic published
sources/2B/catalog/items/sc-sealed-city-gear.yaml#house_guard_plate_armour#house_guard_plate_armour,sources/knowledge/catalog/items/armour.yaml#house_guard_plate_armour,item / armour / combat_status out_of_scope,no executable slot published,no simulation-mapping row,-,"equipment list entry (house-guard-sc:heroes-equipment-list, house-guard-sc:special-house-guard-equipment)",-,-,pendiente de implementación,out_of_scope; no executable mechanic published
sources/2B/catalog/items/sc-sealed-city-gear.yaml#shock_rod#shock_rod,sources/knowledge/catalog/items/weapons-close-combat.yaml#shock_rod,item / close-combat-weapon / combat_status out_of_scope,no executable slot published,no simulation-mapping row,-,"equipment list entry (skaven-of-clan-pristekk-sc:packmasters-equipment-list, skaven-of-clan-pristekk-sc:special-clan-pristekk-equipment)",-,-,pendiente de implementación,out_of_scope; no executable mechanic published
sources/2B/catalog/items/sc-sealed-city-gear.yaml#thing_catcher#thing_catcher,sources/knowledge/catalog/items/weapons-close-combat.yaml#thing_catcher,item / close-combat-weapon / combat_status out_of_scope,no executable slot published,no simulation-mapping row,-,"equipment list entry (skaven-of-clan-pristekk-sc:packmasters-equipment-list, skaven-of-clan-pristekk-sc:special-clan-pristekk-equipment)",-,-,pendiente de implementación,out_of_scope; no executable mechanic published
sources/2B/catalog/items/sc-sealed-city-gear.yaml#thinglash#thinglash,sources/knowledge/catalog/items/weapons-close-combat.yaml#thinglash,item / close-combat-weapon / combat_status out_of_scope,no executable slot published,no simulation-mapping row,-,"equipment list entry (skaven-of-clan-pristekk-sc:packmasters-equipment-list, skaven-of-clan-pristekk-sc:special-clan-pristekk-equipment)",-,-,pendiente de implementación,out_of_scope; no executable mechanic published
sources/2A/bands/mordheim/survivors-of-strigos-sylv/special-rules.yaml#strigoi-vampire--iron-sinews#unimplemented.survivors-of-strigos-sylv.special.iron-sinews,sources/knowledge/bands/mordheim/survivors-of-strigos-sylv/special-rules.yaml#strigoi-vampire--iron-sinews (adjacent provenance),"band-rule / profile grant (T13.2c partition, outside this lot)",profile rule of survivors-of-strigos-sylv,runtime.implemented=NO on this canonical copy,-,profile/band automatic grants are the T13.2c partition; not selected here,-,not applicable to the selectable/equipment partition,discrepancia,"the same name is selectable only in Trollheim (band--strigoi-power-iron-sinews -> skill.iron-sinews); its legacy SPECIAL_RULE_EFFECTS.stats entry is unreachable for mechanic bindings (T13.2a decision); no route activated, deleted or doubled"
sources/knowledge/bands/trollheim/chaos-streets-undead-bloodlines/special-rules.yaml#band--strigoi-power-iron-sinews,sources/knowledge/bands/trollheim/chaos-streets-undead-bloodlines/special-rules.yaml#band--strigoi-power-iron-sinews (adjacent provenance),"band-rule / warband_skill (grant selectable, no register origin)",eligibility: strigoi-vampire,runtime.implemented=YES; binding skill.iron-sinews,mechanic:skill.iron-sinews,not an origin of the T13.0 register; recorded for provenance only,-,-,discrepancia,legacy stats entry not activated; T13.2a/T13.2b accepted decisions preserve the mechanic route
