finding_id,canonical_id,clause,source_reference,historical_observation,current_facts,direct_result,embedded_result,consumer_or_runtime_result,evidence_reference,disposition,proposed_owner,target_lot,dependency,closure_criterion
F004,halflings-mic/halfling-elder--shifty,recipients and access,Halflings.pdf p4 Shifty + p1-3 special-skill access (Shifty review sources),Registered as a profile grant although the source offers a selected skill,applies_to.profile_ids names the four Halfling Heroes; all four profiles publish the special skill access; kind absent; grant profile,applicableProfileRules returns the rule for halfling-elder (profile-grant branch),Same through the embedded bundle (digest matches the maintained sources),available_special_rules offers it to none of the four heroes; specialRuleOptions requires kind warband_skill,probes/findings.json#F004,Recipient identity confirmed with evidence; metadata remains incomplete,KB,T13.2 after F003,F003,Legal recipients can select the skill and controls cannot acquire it automatically
F004,halflings-mic/halfling-elder--shifty,selectable metadata (kind/grant),T13-shifty.md + register T13-F004,The provisional skill.shifty fixture does not enable selection,grant profile with no kind; runtime scope LATER implemented NO; effect text publishes the charge-response attack,specialRuleOptions excludes it because only kind warband_skill is enumerated,Same,Not offered by available_special_rules; no warband-skill entry in the catalogue,probes/findings.json#F004,Canonical metadata incomplete (selected skill not modelled),KB,T13.2 after F003,F003;F004,Selectable metadata for the four legal recipients plus a negative control
F004,halflings-mic/halfling-elder--shifty,compiled activation,T13-shifty.md + register T13-F004,No executable binding; the modular pilot is reachable only through an injected tag,No bindings; skill.shifty is not a mechanic; the rule reason is 'charge-response bonus attacks are outside the current engine scope',skill_ids=(skill.shifty) raises unknown mechanic; special_rule_ids refuses with the published runtime reason,Same,No compiled effect and no canonical route into the modular engine,probes/findings.json#F004,Unsupported combat projection declared; not an illegality,Combat Lab (T13.2/T13.4) after F003,F003,F003,S1-S4 decided and a source-linked specification reaches the accepted modular behaviour
F004,halflings-mic/halfling-elder--shifty,combat contract S1-S4,T13-shifty-review.md + T13-shifty-independent-review.md,F003 interpretations pending,The modular Shifty semantics exist behind the tag but are not activated,-,-,No canonical route reaches the engine,T13-shifty-review.md,Not adjudicated by F035; F003 owns S1-S4,Coordinator / F003,T13.2,F003,S1-S4 accepted and F004 closed through canonical compilation
F016,adventurers-kaz/band--dwarf-special-skills (also elf; barbarian; noble),named-skill selection and compilation,T13-automatic-grants.md finding 5; Karak Azgal source pp 21-23,The profile.skill-access binding widens the category but no named skill can be selected through compile_fighter,Binding carries category special and the named skill list; the artefact projects skill_access special plus skill_lists per recipient profile,skillIssue with the projected facts returns null for every published member; compiler path returns 'skills are not available'; skill.fey and skill.taunt are not mechanics,Same,Combat Lab refuses the named selections; the Warband Manager decision accepts them,probes/findings.json#F016; probes/browser-facts.json#F016,Consumer projection and compilation gap in Combat Lab; the shared decision accepts the canonical table,Combat Lab construction (T13.2),T13.2,F017 (repair the over-broad grant first),Supported named skills have source-correct recipient and selection proof or a precise limitation
F016,clan-angrund-kep/dwarf-troll-slayers--slayer-skills,category grant plus named selections,T13-automatic-grants.md finding 5; canonical KB,Listed among the unreachable tables,Profile grant to dwarf-troll-slayers adds the special category; the named skills are selectable warband_skill rules,compile_fighter(band--slayer-special-skills-berserker) is accepted and available_special_rules offers the eight dwarf and slayer rules,Same,test_t13_selectable_equipment_matrix.py proves recipients and refusal of other records,probes/findings.json#F016,Resolved with evidence,-,-,-,Keep the existing regression
F016,bretonnian-knights-errant-mou/band--knights-feats,band-wide skill-list grant,KB source 'Knights Feats' p2 ('Knights Errant may choose to use the following skill list'),No reachable compilation example,Band grant implemented YES with a category-only profile.skill-access binding; the named feats are prose in the rule and are not published as skills; errant profiles already declare special access,The category widens as published; no named feat has a selectable binding,Same,No selection or compilation route for the printed feats,probes/findings.json#F016,KB modelling gap for the named feats; source-blocked in the brigands copy,KB + T13.2,T13.2,F016;F017,Each printed feat is modelled with a route or explicitly source-blocked
F016,bretonnian-brigands-mou/band--knights-feats,recipient scope,KB text 'A Fallen Noble may choose from the Knight's Feats skill list',Scope NO unimplemented,"Band-wide applies_to while the printed recipient is the Fallen Noble, which the KB also publishes as the profile rule fallen-noble--knights-feats (scope NO, unimplemented, no binding); the band copy is inert",applicableRules includes it for every profile (inert because implemented NO and no binding),Same,No consumer effect,probes/findings.json#F016,Inert duplicate; the recipient is already published at profile scope,KB hygiene note,T13.2,F016,Band copy aligns with the profile rule or is recorded as inert
F017,adventurers-kaz/band--dwarf-special-skills (also elf; barbarian; noble),band-grant recipient filter,T13-automatic-grants.md finding 6; register T13-F017,The predicate moved to TypeScript but still reads only applies_to.band and eligibility,applicableRules band branch does not require applies_to.profile_ids; Python _applicable_rules delegates to it,"Reproduced: all four tables apply to wizard, elf, barbarian, imperial-noble, dwarf and imperial-captain",Same through the embedded bundle (fresh digest),No observable illegal selection today because the named skills still fail the skill_lists gate; latent,reproducers/repro_f017_recipients.py (exit 1); probes/findings.json#F017,Defect reproduced in the shared decision,Shared TypeScript (eligibility/index.ts) with both consumers tested,T13.2 shared fix,F016,Positive and negative canonical-profile recipient cases pass while genuine band-wide grants still apply
F017,adventurers-kaz/band--no-fixed-leader + band--hired-swords,genuine band-wide grants,Canonical KB applies_to.band true,Baseline for the recipient finding,No eligibility and no profile_ids applies to every profile of the band,Status quo returns both rules for every profile (correct),Same,Consumers keep receiving them,probes/findings.json#F017,Resolved with evidence (positive control),-,-,-,Keep as regression
F017,adventurers-kaz/dwarf--hard-to-kill,profile-rule branch,Canonical KB applies_to.profile_ids plus profile rule_ids,Python adapter for _applicable_rules,The profile branch honours rule_ids and named recipients,Applies only to the dwarf profile (correct),Same,Compiler applies the trait only to the dwarf,probes/findings.json#F017,Resolved with evidence,-,-,-,Keep as regression
F018,protectorate-of-sigmar-lotd3/band--special-skill-unshakeable-faith,availability channel,T13-selectable-equipment.md 9 origins; rule effect,Open; absent from the availability API,kind warband_skill; applies_to.band true; eligibility empty; warrior-priest skill_access has no special,specialRuleOptions returns none (no explicit recipients and no special access),Same,available_special_rules omits it; compile_fighter refuses with the published reason,probes/findings.json#F018,Data incomplete: the published access route is missing from the KB facts,KB facts and source review,T13.2d,Source review of the band table,Source-legitimate route and recipients explicit or reviewed as a justified limitation
F018,protectorate-of-sigmar-lotd3/band--special-skill-utter-determination,availability channel,T13-selectable-equipment.md 9 origins; rule effect,Open; absent from the availability API,kind warband_skill; applies_to.band true; no eligibility; warrior-priest lacks special,specialRuleOptions returns none,Same,available_special_rules omits it; the runtime refusal carries the published reason,probes/findings.json#F018,Data incomplete: access route missing from the KB facts,KB facts and source review,T13.2d,Source review of the band table,Source-legitimate route and recipients explicit or reviewed as a justified limitation
F018,protectorate-of-sigmar-lotd3/band--special-skill-rousing-sermon,availability channel,T13-selectable-equipment.md 9 origins; rule effect,Open; absent from the availability API,kind warband_skill; applies_to.band true; no eligibility; warrior-priest lacks special,specialRuleOptions returns none,Same,available_special_rules omits it; runtime refusal carries the published reason,probes/findings.json#F018,Data incomplete: access route missing from the KB facts,KB facts and source review,T13.2d,Source review of the band table,Source-legitimate route and recipients explicit or reviewed as a justified limitation
F018,araby-smugglers-sar/band--skill-pious-fury,availability channel,T13-selectable-equipment.md 9 origins; rule effect,Open; absent from the availability API,kind warband_skill; applies_to.band true; rais skill_access has pirate but no special,specialRuleOptions returns none,Same,available_special_rules omits it; runtime refusal carries the published reason,probes/findings.json#F018,Data incomplete: access route missing from the KB facts,KB facts and source review,T13.2d,Source review of the band table,Source-legitimate route and recipients explicit or reviewed as a justified limitation
F018,sea-ghosts-mim/band--dance-whirling-death,availability channel,T13-selectable-equipment.md 9 origins; rule effect,Open; absent from the availability API,kind warband_skill; applies_to.band true; wayfinder lacks special,specialRuleOptions returns none,Same,available_special_rules omits it; runtime refusal carries the published reason,probes/findings.json#F018,Data incomplete: access route missing from the KB facts,KB facts and source review,T13.2d,Source review of the band table plus T13-Q081,Source-legitimate route and recipients explicit or reviewed as a justified limitation
F018,sea-ghosts-mim/band--dance-storm-of-blades,availability channel,T13-selectable-equipment.md 9 origins; rule effect,Open; absent from the availability API,kind warband_skill; applies_to.band true; wayfinder lacks special,specialRuleOptions returns none,Same,available_special_rules omits it; runtime refusal carries the published reason,probes/findings.json#F018,Data incomplete: access route missing from the KB facts,KB facts and source review,T13.2d,Source review of the band table,Source-legitimate route and recipients explicit or reviewed as a justified limitation
F018,sea-ghosts-mim/band--dance-the-shadows-coil,availability channel,T13-selectable-equipment.md 9 origins; rule effect,Open; absent from the availability API,kind warband_skill; applies_to.band true; wayfinder lacks special,specialRuleOptions returns none,Same,available_special_rules omits it; runtime refusal carries the published reason,probes/findings.json#F018,Data incomplete: access route missing from the KB facts,KB facts and source review,T13.2d,Source review of the band table,Source-legitimate route and recipients explicit or reviewed as a justified limitation
F018,sea-ghosts-mim/band--dance-woven-mist,availability channel,T13-selectable-equipment.md 9 origins; rule effect,Open; absent from the availability API,kind warband_skill; applies_to.band true; wayfinder lacks special,specialRuleOptions returns none,Same,available_special_rules omits it; runtime refusal carries the published reason,probes/findings.json#F018,Data incomplete: access route missing from the KB facts,KB facts and source review,T13.2d,T13-Q081 source question,Source-legitimate route and recipients explicit or reviewed as a justified limitation
F018,strigoi-kaz/vampire--bloodline,kind boundary and campaign purchase,T13-selectable-equipment.md 9 origins; rule effect names campaign purchases,Open; absent from the availability API,kind profile_ability; grant selectable; applies_to.profile_ids vampire; the vampire profile lists the rule; reason says campaign purchases,specialRuleOptions excludes it because only warband_skill is enumerated,Same,available_special_rules omits it; compile_fighter refuses with the published reason,probes/findings.json#F018,Justified limitation for the duel product; campaign purchase belongs to the campaign route,Campaign purchase route (T13.4) or reviewed limitation,T13.4/T13.2d,T13-Q095 source question,Campaign route or limitation recorded and reviewed
F019,silent-brotherhood-sc/band--the-silence,canonical parameters (blackpowder and animal),Silent Brotherhood.pdf p1 Special rules/The silence,No Python consumer; the equipment list masked the only pistol route,Both tokens published in the profile.equipment-restrictions parameters; band facts project them; crossbow_pistol carries the blackpowder tag and warhound the animal tag,equipmentIssue refuses a blackpowder-tagged item with equipment_forbidden,Same,Warband Manager path blocks crossbow_pistol which the list otherwise offers,probes/browser-facts.json#F019; reproducers/logs/repro_f019.log,Parameters published and enforced by the shared decision,-,-,-,Keep as regression
F019,silent-brotherhood-sc/band--the-silence,Combat Lab boundEquipment enforcement,Register T13-F019,Claimed missing Python implementation,"The compiler boundEquipment stage receives the binding but interprets only armour, ranged-weapons, heavy-armour, lance and helmet tokens",Reproducer: the decision refuses while boundEquipment accepts a blackpowder main weapon (exit 1),Same,compile_fighter refuses the pistol only through the equipment list (incidental),reproducers/logs/repro_f019.log,Adapter/consumer gap reproduced,Combat Lab adapter (T13.2) supplying item facts or routing through equipmentIssue,T13.2,F019,Token enforcement proved at the Combat Lab boundary or an unsupported-category limitation recorded
F019,silent-brotherhood-sc equipment lists,incidental exclusion,Register T13-F019,The equipment list already blocks the only blackpowder mechanic,The brotherhood list offers crossbow_pistol (blackpowder) and no pistol; the thugs list offers none,-,-,The token blocks crossbow_pistol rather than the list,probes/findings.json#F019,Historical claim refined with evidence,KB note,T13.2d,-,Record updated
F020,outlaws-of-stirwood-forest-redux-fbg/band--bow-restrictions,maximum one missile weapon,KB source Special Rules + parameters; T13-automatic-grants.md finding 7,Proved only for the consumed count,Parameter max_missile_weapons 1 projected to band facts; compiler.bow-discipline sets missile_weapon_limit 1,Two missile items produce equipment_limit_exceeded,Same,Compiled property 1 pinned by test_rule_families_a and test_t13_automatic_grant_matrix; no shooting subsystem,probes/findings.json#F020; probes/browser-facts.json#F020,Resolved with evidence,-,-,-,Keep as regression
F020,outlaws-of-stirwood-forest-redux-fbg/band--bow-restrictions,mandatory bow,KB source 'All warriors must carry a type of bow',No Python consumer,required_tag bow projected to band facts,A kit without a bow produces equipment_required_missing,Same,Combat Lab has no set-level check (no equipmentSetIssues caller) and no bow mechanic,probes/browser-facts.json#F020,Shared decision correct; Combat Lab set-level consumption absent,Combat Lab construction (T13.2) when range is modelled,T13.2,Ranged-weapon mechanics,Printed clause has construction evidence or a precise reviewed limitation
F020,outlaws-of-stirwood-forest-redux-fbg/band--bow-restrictions,crossbow prohibition,KB source 'but not crossbows',No Python consumer and no crossbow mechanic,band_forbids projects crossbow; item facts tag crossbows,equipmentIssue refuses a crossbow-tagged item,Same,"No list offers crossbows and no duel mechanic exists, so the clause is latent in both products",probes/browser-facts.json#F020,Decision implemented; latent route; no legality defect,KB note,T13.2d,-,Latent clause recorded
F020,outlaws-of-stirwood-forest-redux-fbg/band--bow-restrictions,Cleric exemption,KB parameters exempt_profile_ids,No Python consumer,exempt_profile_ids cleric projected to band facts,A cleric kit without a bow produces no issues,Same,Only equipmentSetIssues consumes the exemption,probes/browser-facts.json#F020,Resolved with evidence,-,-,-,Keep as regression
F020,outlaws-of-stirwood-forest-redux-fbg,ranged execution,Register T13-F020,'No crossbow mechanic exists in the duel catalogue',Bow and crossbow mappings are absent or out_of_scope; only pistols carry range mechanics,-,-,No supported ranged weapon exists to exercise the limit,probes/findings.json#F020,Unsupported combat projection; not an illegality,Combat Lab plan (T13.4),T13.4,-,Ranged mechanics or a reviewed limitation
F021,snotlings-web/runts--teeny-hands,armour prohibition,KB binding plus source Runts/Special Rules/Teeny Hands,The armour refusal is proved,profile.equipment-restrictions forbids armour; the browser projects the token per profile,equipmentIssue refuses light_armour and helmet with equipment_forbidden,Same,The compiler boundEquipment armour branch also refuses armour for runts,probes/findings.json#F021; probes/browser-facts.json#F021,Resolved with evidence,-,-,-,Keep as regression
F021,snotlings-web/runts--teeny-hands,single one-handed weapon,KB source 'Runt Henchmen can only use a single One-Handed Weapon at a time',The printed clause has no binding,The rule's own effect list declares the clause scope LATER (combat/progression); no limit fact is projected; dual-wielding compiles today,-,-,equipmentSetIssues has no one-handed limit shape; the legacy campaign injury limit is different state,probes/findings.json#F021,Canonical data declares a deferral; no shared-decision defect,KB plus the progression/loadout owner,T13.4,Source review of the deferral,Clause modelled or the deferral reviewed with a precise limitation
F028,angel_wings,local applicability and route,trading-post.yaml + item mapping + list audit,Trading-post entry only; no list or mapping route,availability not_sold; mapping out_of_scope; no band equipment list; also listed under catalog/hirelings/dramatis-personae/grade-2b.yaml,-,-,No Combat Lab route and no trading-post offer,probes/browser-facts.json#F028,No purchase route; hireling/dramatis caller recorded,Campaign catalogue,T13.2d,-,Route or justified limitation recorded and verified
F028,arcane_candelabrum,local applicability and route,trading-post.yaml + item mapping + list audit,Trading-post entry only; no list or mapping route,availability not_sold; mapping out_of_scope; no band equipment list; also listed under catalog/hirelings/hired-swords/grade-2b.yaml,-,-,No Combat Lab route and no trading-post offer,probes/browser-facts.json#F028,No purchase route; hired-sword caller recorded,Campaign catalogue,T13.2d,-,Route or justified limitation recorded and verified
F028,bear_of_the_hunt,local applicability and route,trading-post.yaml + item mapping + list audit,Trading-post entry only; no list or mapping route,availability not_sold; mapping out_of_scope; no band equipment list,-,-,No Combat Lab route and no trading-post offer,probes/browser-facts.json#F028,No purchase route; entry is reference only,Campaign catalogue,T13.2d,-,Route or justified limitation recorded and verified
F028,corpse_liquor,local applicability and route,trading-post.yaml + item mapping + list audit,Trading-post entry only; no list or mapping route,availability rare rarity 9 with a price block (10 gc plus optional 1D6); mapping out_of_scope; no band equipment list; Offered by the campaign trading-post reader (desktop and web rare search); refused by Combat Lab,-,-,Offered by the campaign trading-post reader (desktop and web rare search); refused by Combat Lab,probes/browser-facts.json#F028,Campaign route verified; duel route absent by declared scope,Campaign catalogue,T13.2d,-,Route or justified limitation recorded and verified
F028,great_eagle,local applicability and route,trading-post.yaml + item mapping + list audit,Trading-post entry only; no list or mapping route,availability not_sold; mapping out_of_scope; no band equipment list,-,-,No Combat Lab route and no trading-post offer,probes/browser-facts.json#F028,No purchase route; entry is reference only,Campaign catalogue,T13.2d,-,Route or justified limitation recorded and verified
F028,great_stag,local applicability and route,trading-post.yaml + item mapping + list audit,Trading-post entry only; no list or mapping route,availability not_sold; mapping out_of_scope; no band equipment list,-,-,No Combat Lab route and no trading-post offer,probes/browser-facts.json#F028,No purchase route; entry is reference only,Campaign catalogue,T13.2d,-,Route or justified limitation recorded and verified
F028,hunting_hounds,local applicability and route,trading-post.yaml + item mapping + list audit,Trading-post entry only; no list or mapping route,availability not_sold; mapping out_of_scope; no band equipment list,-,-,No Combat Lab route and no trading-post offer,probes/browser-facts.json#F028,No purchase route; entry is reference only,Campaign catalogue,T13.2d,-,Route or justified limitation recorded and verified
F028,runic_attlas_plate_mail,local applicability and route,trading-post.yaml + item mapping + list audit,Trading-post entry only; no list or mapping route,availability not_sold; mapping out_of_scope; no band equipment list; also listed under catalog/campaign/exploration-and-income.yaml,-,-,No Combat Lab route and no trading-post offer,probes/browser-facts.json#F028,Campaign caller recorded; purchase route absent,Campaign catalogue,T13.2d,-,Route or justified limitation recorded and verified
F028,runic_builders_boots,local applicability and route,trading-post.yaml + item mapping + list audit,Trading-post entry only; no list or mapping route,availability not_sold; mapping out_of_scope; no band equipment list,-,-,No Combat Lab route and no trading-post offer,probes/browser-facts.json#F028,No purchase route; entry is reference only,Campaign catalogue,T13.2d,-,Route or justified limitation recorded and verified
F028,runic_eye_of_izril,local applicability and route,trading-post.yaml + item mapping + list audit,Trading-post entry only; no list or mapping route,availability not_sold; mapping out_of_scope; no band equipment list,-,-,No Combat Lab route and no trading-post offer,probes/browser-facts.json#F028,No purchase route; entry is reference only,Campaign catalogue,T13.2d,-,Route or justified limitation recorded and verified
F028,runic_redbeards_belt_of_rage,local applicability and route,trading-post.yaml + item mapping + list audit,Trading-post entry only; no list or mapping route,availability not_sold; mapping out_of_scope; no band equipment list,-,-,No Combat Lab route and no trading-post offer,probes/browser-facts.json#F028,No purchase route; entry is reference only,Campaign catalogue,T13.2d,-,Route or justified limitation recorded and verified
F028,runic_sword_of_snorri_elfbane,local applicability and route,trading-post.yaml + item mapping + list audit,Trading-post entry only; no list or mapping route,availability not_sold; mapping out_of_scope; no band equipment list,-,-,No Combat Lab route and no trading-post offer,probes/browser-facts.json#F028,No purchase route; entry is reference only,Campaign catalogue,T13.2d,-,Route or justified limitation recorded and verified
F028,sabre_toothed_tiger,local applicability and route,trading-post.yaml + item mapping + list audit,Trading-post entry only; no list or mapping route,availability not_sold; mapping out_of_scope; no band equipment list,-,-,No Combat Lab route and no trading-post offer,probes/browser-facts.json#F028,No purchase route; entry is reference only,Campaign catalogue,T13.2d,-,Route or justified limitation recorded and verified
F028,scuttling_hand,local applicability and route,trading-post.yaml + item mapping + list audit,Trading-post entry only; no list or mapping route,availability rare rarity 11 with no price block; mapping out_of_scope; no band equipment list; Declared a rare offer but the desktop trading-post reader skips it for lacking a price,-,-,Declared a rare offer but the desktop trading-post reader skips it for lacking a price,probes/browser-facts.json#F028,Rare without a price; route gap in the canonical price data,Campaign catalogue/KB,T13.2d,-,Route or justified limitation recorded and verified
F028,wicker_man,local applicability and route,trading-post.yaml + item mapping + list audit,Trading-post entry only; no list or mapping route,availability rare rarity 12 with no price block; mapping out_of_scope; no band equipment list; Declared a rare offer but the desktop trading-post reader skips it for lacking a price,-,-,Declared a rare offer but the desktop trading-post reader skips it for lacking a price,probes/browser-facts.json#F028,Rare without a price; route gap in the canonical price data,Campaign catalogue/KB,T13.2d,-,Route or justified limitation recorded and verified
F028,wolf_pelt_cloak,local applicability and route,trading-post.yaml + item mapping + list audit,Trading-post entry only; no list or mapping route,availability not_sold; mapping out_of_scope; no band equipment list; also listed under catalog/hirelings/hired-swords/grade-2b.yaml,-,-,No Combat Lab route and no trading-post offer,probes/browser-facts.json#F028,No purchase route; hired-sword caller recorded,Campaign catalogue,T13.2d,-,Route or justified limitation recorded and verified
F028,wolf_rat_mount,local applicability and route,trading-post.yaml + item mapping + list audit,Trading-post entry only; no list or mapping route,availability rare rarity 11 with no price block; mapping out_of_scope; no band equipment list; Declared a rare offer but the desktop trading-post reader skips it for lacking a price,-,-,Declared a rare offer but the desktop trading-post reader skips it for lacking a price,probes/browser-facts.json#F028,Rare without a price; route gap in the canonical price data,Campaign catalogue/KB,T13.2d,-,Route or justified limitation recorded and verified
H5,silent-brotherhood-sc/band--the-silence,item family classification,"Rulebook Missile Weapons section; Annual 2002 FAQ p.105; Silent Brotherhood.pdf p3; mordheimer.net dark-elves list","F019-era: crossbow_pistol tagged blackpowder; the token blocked it although the brotherhood list offered it","crossbow_pistol tagged crossbow (printed under Missile Weapons; both blackpowder-banning lists sell it); superior_blackpowder tagged blackpowder as an out-of-scope family item","equipmentIssue still refuses pistol, blunderbuss and handgun for the Silence and leaves crossbow_pistol legal","Same through the embedded bundle; audit forbidden_family_missing_tag 3 -> 0","Warband Manager accepts the printed crossbow pistol purchase; the T10 gate refuses unlisted blackpowder items",docs/knowledge/2a2b/tasks/T13-silence-equipment.md#12,Source-backed classification; tags updated with provenance,KB,-,-,"Tags, suites and audit delta recorded"
