id,nombre,texto,nombre_en,texto_en
shared-rule.burn-the-witch,¡Quemad a la Bruja!,El Capitán cazador de brujas está sujeto a Odio contra todos los modelos capaces de lanzar hechizos.,Burn the Witch!,The Witch Hunter Captain is subject to Hatred against all models that can cast spells.
shared-rule.burn-the-witch-2,¡Quemad a la Bruja!,Los Cazadores de brujas están sujetos a Odio contra todos los modelos capaces de lanzar hechizos.,Burn the Witch!,Witch Hunters are subject to Hatred against all models that can cast spells.
shared-rule.animal,Animal,Las Ratas gigantes son animales y nunca ganan Experiencia.,Animal,Giant Rats are animals and never gain Experience.
shared-rule.animal-2,Animal,Los Escorpiones de tumba son animales y nunca ganan Experiencia.,Animal,Tomb Scorpions are animals and never gain Experience.
shared-rule.animals,Animales,"Los Squigs de Cueva son, en cierto modo, animales y por tanto no ganan experiencia.",Animals,Cave Squigs are animals of a sort and so do not gain experience.
shared-rule.animals-2,Animales,Los sabuesos de guerra son animales y por tanto no ganan experiencia.,Animals,Warhounds are animals and thus do not gain experience.
shared-rule.animals-3,Animales,Los lobos son animales y por tanto no ganan experiencia.,Animals,Wolves are animals and thus do not gain experience.
shared-rule.cause-fear-2,Causan Miedo,Todos los guerreros con la regla especial No muerto causan Miedo.,Cause Fear,All warriors with the Undead special rule cause Fear.
shared-rule.fear-3,Causan Miedo,Los Lobos dire causan Miedo.,Cause Fear,Dire Wolves cause Fear.
shared-rule.fear-4,Causan Miedo,Los Ghouls causan Miedo.,Cause Fear,Ghouls cause Fear.
shared-rule.fear-6,Causan Miedo,Los Zombis son abominaciones horribles y por tanto provocan miedo.,Cause Fear,Zombies are horrible abominations and so cause fear.
shared-rule.ard-ead,Cráneo Grueso,"El guerrero tiene el cráneo grueso incluso para ser un orco. Tiene una salvación especial de 3+ con 1D6 para evitar ser aturdido. Si supera la salvación, trata un resultado de aturdido como derribado. Si el orco además lleva yelmo, esta salvación es de 2+ en lugar de 3+ (esto sustituye a la regla especial normal del yelmo).",’Ard Ead,"The warrior has a thick skull even for an Orc. He has a special 3+ save on a D6 to avoid being stunned. If the save is made, treat a stunned result as knocked down instead. If the Orc also wears a helmet, this save is 2+ instead of 3+ (this takes the place of the normal helmet special rule)."
shared-rule.thick-skull,Cráneo Grueso,"El Héroe tiene un cráneo grueso, incluso para un enano. Tiene una salvación de 3+ en un D6 para evitar quedar Aturdido. Si supera la salvación, trata un resultado de Aturdido como Derribado en su lugar. Si el enano además lleva casco, esta salvación es 2+ en lugar de 3+ (esto sustituye a la regla especial normal de Casco).",Thick Skull,"The Hero has a thick skull, even for a Dwarf. He has a 3+ save on a D6 to avoid being stunned. If the save is made, treat a stunned result as knocked down instead. If the Dwarf also wears a helmet, this save is 2+ instead of 3+ (this takes the place of the normal Helmet special rule)."
shared-rule.stupidity,Estupidez,"El Ogro rata está sujeto a Estupidez a menos que haya un Héroe skaven a 6"" de él.",Stupidity,"The Rat Ogre is subject to Stupidity unless a Skaven Hero is within 6""."
shared-rule.stupidity-2,Estupidez,Un troll está sujeto a las reglas de estupidez.,Stupidity,A Troll is subject to the rules for stupidity.
shared-rule.immune-to-psychology,Inmune a la Psicología,El Vampiro es inmune a la Psicología y nunca abandona el combate a causa de la Psicología.,Immune to Psychology,The Vampire is immune to Psychology and never leaves combat because of Psychology.
shared-rule.immune-to-psychology-3,Inmune a la Psicología,Los Lobos terrible son inmunes a la Psicología y nunca abandonan el combate a causa de la Psicología.,Immune to Psychology,Dire Wolves are immune to Psychology and never leave combat because of Psychology.
shared-rule.immune-to-psychology-4,Inmune a la Psicología,Todos los guerreros con la regla especial No muerto son inmunes a la Psicología y nunca abandonan el combate a causa de la Psicología.,Immune to Psychology,All warriors with the Undead special rule are immune to Psychology and never leave combat because of Psychology.
shared-rule.immune-to-psychology-5,Inmune a la Psicología,Un Zombi no se ve afectado por la psicología y nunca abandona el combate.,Immune to Psychology,A Zombie is not affected by psychology and never leaves combat.
shared-rule.immune-to-poison,Inmune al Veneno,El Vampiro es inmune al veneno.,Immune to Poison,The Vampire is immune to poison.
shared-rule.immune-to-poison-2,Inmune al Veneno,Los Lobos dire son inmunes al veneno.,Immune to Poison,Dire Wolves are immune to poison.
shared-rule.immune-to-poison-3,Inmune al Veneno,Los guerreros con la regla especial Muerto viviente no se ven afectados por el veneno.,Immune to Poison,Warriors with the Undead special rule are unaffected by poison.
shared-rule.immune-to-poison-4,Inmune al Veneno,Un Zombi no se ve afectado por el veneno.,Immune to Poison,A Zombie is not affected by poison.
shared-rule.leader,Líder,"Todos los modelos de la banda a 6"" de la Sacerdotisa pueden usar su Liderazgo en lugar del suyo propio.",Leader,"Any models in the warband within 6"" of the Priestess may use her Leadership instead of their own."
shared-rule.leader-2,Líder,"Cualquier guerrero a 6"" del Capitán puede usar su característica de Liderazgo cuando realice chequeos de Liderazgo.",Leader,"Any warrior within 6"" of the Captain may use his Leadership characteristic when taking Leadership tests."
shared-rule.leader-3,Líder,"Cualquier guerrero a 6"" del Jarl puede usar su Liderazgo en lugar del suyo propio cuando realice chequeos de Ld.",Leader,"Any warrior within 6"" of the Jarl may use his Leadership instead of his own when taking Ld tests."
shared-rule.leader-4,Líder,"Cualquier guerrero a 6"" del Caballero Andante puede usar su característica de Liderazgo cuando realice chequeos de Liderazgo.",Leader,"Any warrior within 6"" of the Questing Knight may use his Leadership characteristic when taking Leadership tests."
shared-rule.leader-5,Líder,"Cualquier guerrero a 6"" del Capitán cazador de brujas puede usar su Liderazgo al realizar chequeos de Liderazgo.",Leader,"Any warrior within 6"" of the Witch Hunter Captain may use his Leadership when taking Leadership tests."
shared-rule.fear,Miedo,El Vampiro causa Miedo.,Fear,The Vampire causes Fear.
shared-rule.fear-2,Miedo,El Ogro rata provoca Miedo.,Fear,The Rat Ogre causes Fear.
shared-rule.fear-5,Miedo,Los trolls son monstruos aterradores que causan miedo.,Fear,Trolls are frightening monsters which cause fear.
shared-rule.fear-7,Miedo,Los Wulfen son criaturas aterradoras de contemplar y causan miedo.,Fear,Wulfen are terrifying creatures to behold and cause fear.
shared-rule.may-not-run,No Pueden Correr,"Los Lobos dire no pueden correr, pero pueden cargar con normalidad.",May Not Run,"Dire Wolves may not run, but may charge normally."
shared-rule.may-not-run-2,No Pueden Correr,"Los guerreros con la regla especial No muerto no pueden correr, pero pueden cargar con normalidad.",May Not Run,"Warriors with the Undead special rule may not run, but may charge normally."
shared-rule.may-not-run-3,No Pueden Correr,Los Zombis son criaturas muertas vivientes lentas y no pueden correr (pero pueden cargar normalmente).,May Not Run,Zombies are slow undead creatures and may not run (but may charge normally).
shared-rule.large-target,Objetivo Grande,Los trolls son Objetivos Grandes tal como se define en las reglas de disparo.,Large Target,Trolls are Large Targets as defined in the shooting rules.
shared-rule.large-target-2,Objetivo Grande,El Ogro rata es un Objetivo Grande.,Large Target,The Rat Ogre is a Large Target.
shared-rule.no-pain,Sin Dolor,El Vampiro trata un resultado Aturdido de la tabla de Heridas como Derribado.,No Pain,The Vampire treats a Stunned result on the Injury chart as Knocked Down.
shared-rule.no-pain-2,Sin Dolor,Los Lobos dire tratan un resultado Aturdido de la tabla de Heridas como Derribado.,No Pain,Dire Wolves treat a Stunned result on the Injury chart as Knocked Down.
shared-rule.no-pain-3,Sin Dolor,Los Zombis tratan los resultados de Aturdido en la tabla de heridas como Derribado.,No Pain,Zombies treat stunned results on the injury chart as knocked down.
shared-rule.no-pain-4,Sin Dolor,Todos los guerreros con la regla especial Muerto viviente tratan un resultado de Aturdido como Derribado.,No Pain,All warriors with the Undead special rule treat a Stunned result as Knocked Down.
